# Blender 5.1.0
# www.blender.org
mtllib Assets.mtl
o Plane.008
v 7.770880 0.026730 1.646666
v 7.764778 0.037486 1.600807
v 7.817960 0.029578 1.641069
v 7.791585 0.026774 1.619324
v 7.811858 0.040334 1.595210
v 7.795553 0.036170 1.585352
v 7.833027 0.040744 1.566813
v 7.776458 0.045060 1.548947
v 7.813932 0.049634 1.530408
v 7.804749 0.036923 1.556417
v 7.732548 0.034575 1.595907
v 7.727376 0.044104 1.555269
v 7.774267 0.037062 1.591180
v 7.751016 0.034598 1.571796
v 7.769094 0.046591 1.550542
v 7.761634 0.044471 1.532405
v 7.747937 0.051460 1.503575
v 7.791298 0.047854 1.519131
v 7.769639 0.045012 1.510217
v 7.777601 0.054843 1.490302
v 7.716554 0.028000 1.641045
v 7.690452 0.034002 1.619614
v 7.738780 0.033312 1.615463
v 7.714447 0.028775 1.616378
v 7.712678 0.039314 1.594031
v 7.670740 0.033531 1.599761
v 7.636839 0.044709 1.555928
v 7.715968 0.040916 1.566664
v 7.676284 0.034774 1.559339
v 7.682067 0.052093 1.522831
v 7.848918 0.031083 1.621977
v 7.832136 0.036616 1.600278
v 7.871308 0.034739 1.605592
v 7.851663 0.031698 1.601966
v 7.854526 0.040272 1.583893
vn 0.2485 0.9499 0.1897
vn -0.0660 0.9966 -0.0484
vn 0.0062 0.8694 0.4941
vn -0.3084 0.9162 0.2559
vn 0.1266 0.8728 0.4713
vn -0.1285 0.9916 -0.0150
vn -0.2512 0.9017 0.3520
vn 0.2494 0.9628 0.1043
vn 0.2483 0.9497 0.1911
vn -0.0649 0.9967 -0.0488
vn 0.0042 0.8694 0.4941
vn -0.3090 0.9164 0.2542
vn 0.2508 0.9613 0.1139
vn -0.1221 0.9923 -0.0199
vn 0.1135 0.8721 0.4759
vn -0.2593 0.9031 0.3422
vn 0.2144 0.9767 0.0124
vn -0.1814 0.9823 0.0464
vn 0.2462 0.8840 0.3974
vn -0.1496 0.8897 0.4314
vn 0.2387 0.9691 0.0625
vn -0.1546 0.9879 0.0092
vn 0.1824 0.8768 0.4449
vn -0.2109 0.8957 0.3915
vt 0.430011 0.466392
vt 0.430011 0.622405
vt 0.352004 0.544398
vt 0.273998 0.622405
vt 0.273998 0.466392
s 0
usemtl Flowers
f 2/1/1 1/2/1 4/3/1
f 1/2/2 3/4/2 4/3/2
f 5/5/3 2/1/3 4/3/3
f 3/4/4 5/5/4 4/3/4
f 9/1/5 8/2/5 10/3/5
f 6/2/6 7/4/6 10/3/6
f 7/5/7 9/1/7 10/3/7
f 8/4/8 6/5/8 10/3/8
f 12/1/9 11/2/9 14/3/9
f 11/2/10 13/4/10 14/3/10
f 15/5/11 12/1/11 14/3/11
f 13/4/12 15/5/12 14/3/12
f 17/1/13 16/2/13 19/3/13
f 16/2/14 18/4/14 19/3/14
f 20/5/15 17/1/15 19/3/15
f 18/4/16 20/5/16 19/3/16
f 22/1/17 21/2/17 24/3/17
f 21/2/18 23/4/18 24/3/18
f 25/5/19 22/1/19 24/3/19
f 23/4/20 25/5/20 24/3/20
f 27/1/21 26/2/21 29/3/21
f 26/2/22 28/4/22 29/3/22
f 30/5/23 27/1/23 29/3/23
f 28/4/24 30/5/24 29/3/24
f 32/1/21 31/2/21 34/3/21
f 31/2/22 33/4/22 34/3/22
f 35/5/23 32/1/23 34/3/23
f 33/4/24 35/5/24 34/3/24
o Plane.011
v 7.376364 0.040468 1.473995
v 7.349322 0.048219 1.441396
v 7.409845 0.045023 1.447306
v 7.379385 0.040458 1.443050
v 7.382803 0.052775 1.414706
v 7.544673 0.041061 1.449975
v 7.581429 0.044738 1.429862
v 7.524239 0.049036 1.414088
v 7.560994 0.052713 1.393976
v 7.552735 0.040867 1.420694
v 7.451993 0.037358 1.493158
v 7.446368 0.044396 1.458923
v 7.486940 0.039011 1.487755
v 7.466731 0.036631 1.472284
v 7.481315 0.046048 1.453520
v 7.469601 0.044139 1.435507
v 7.454841 0.050390 1.407035
v 7.498748 0.046853 1.420993
v 7.476735 0.043945 1.413018
v 7.483989 0.053105 1.392521
v 7.514212 0.028930 1.551127
v 7.487566 0.039159 1.505222
v 7.561234 0.033705 1.524897
v 7.524267 0.028695 1.513413
v 7.534588 0.043933 1.478992
v 7.410567 0.024272 1.606746
v 7.383065 0.030002 1.585693
v 7.432314 0.028718 1.579548
v 7.407430 0.024333 1.581591
v 7.404811 0.034448 1.558495
v 7.583331 0.035295 1.497159
v 7.565756 0.040333 1.475972
v 7.605091 0.038256 1.479813
v 7.585295 0.035289 1.477047
v 7.587516 0.043293 1.458626
v 7.415056 0.031950 1.540730
v 7.378645 0.038077 1.521692
v 7.434880 0.037757 1.504687
v 7.406374 0.031964 1.512017
v 7.398468 0.043884 1.485648
v 7.522161 0.021129 1.616108
v 7.472858 0.026582 1.609797
v 7.529287 0.029009 1.567246
v 7.500439 0.020613 1.587271
v 7.479984 0.034462 1.560935
vn 0.2487 0.9683 0.0240
vn -0.1462 0.9891 -0.0146
vn 0.2066 0.8880 0.4108
vn -0.1882 0.9089 0.3722
vn 0.1519 0.8853 0.4395
vn -0.1211 0.9918 -0.0399
vn -0.2301 0.9140 0.3341
vn 0.2609 0.9631 0.0655
vn 0.2631 0.9526 0.1526
vn -0.0588 0.9954 -0.0762
vn 0.0304 0.8837 0.4671
vn -0.2915 0.9264 0.2383
vn 0.2627 0.9620 0.0750
vn -0.1148 0.9924 -0.0450
vn 0.1390 0.8849 0.4446
vn -0.2385 0.9153 0.3246
vn 0.2605 0.9634 0.0634
vn -0.1223 0.9917 -0.0388
vn 0.1546 0.8854 0.4383
vn -0.2282 0.9138 0.3361
vn 0.2225 0.9746 -0.0254
vn -0.1716 0.9849 0.0238
vn 0.2686 0.8932 0.3607
vn -0.1255 0.9035 0.4099
vn 0.1954 0.9790 -0.0586
vn -0.1849 0.9811 0.0564
vn 0.3076 0.8983 0.3139
vn -0.0727 0.9004 0.4289
vn 0.1232 0.9862 -0.1105
vn -0.1938 0.9726 0.1286
vn 0.3602 0.9113 0.1995
vn 0.0431 0.8977 0.4386
vt 0.521972 0.777236
vt 0.406441 0.777236
vt 0.464206 0.719470
vt 0.406441 0.661705
vt 0.521972 0.661705
s 0
usemtl Flowers
f 37/6/25 36/7/25 39/8/25
f 36/7/26 38/9/26 39/8/26
f 40/10/27 37/6/27 39/8/27
f 38/9/28 40/10/28 39/8/28
f 44/6/29 43/7/29 45/8/29
f 41/7/30 42/9/30 45/8/30
f 42/10/31 44/6/31 45/8/31
f 43/9/32 41/10/32 45/8/32
f 47/6/33 46/7/33 49/8/33
f 46/7/34 48/9/34 49/8/34
f 50/10/35 47/6/35 49/8/35
f 48/9/36 50/10/36 49/8/36
f 52/6/37 51/7/37 54/8/37
f 51/7/38 53/9/38 54/8/38
f 55/10/39 52/6/39 54/8/39
f 53/9/40 55/10/40 54/8/40
f 57/6/41 56/7/41 59/8/41
f 56/7/42 58/9/42 59/8/42
f 60/10/43 57/6/43 59/8/43
f 58/9/44 60/10/44 59/8/44
f 62/6/45 61/7/45 64/8/45
f 61/7/46 63/9/46 64/8/46
f 65/10/47 62/6/47 64/8/47
f 63/9/48 65/10/48 64/8/48
f 67/6/25 66/7/25 69/8/25
f 66/7/26 68/9/26 69/8/26
f 70/10/27 67/6/27 69/8/27
f 68/9/28 70/10/28 69/8/28
f 72/6/49 71/7/49 74/8/49
f 71/7/50 73/9/50 74/8/50
f 75/10/51 72/6/51 74/8/51
f 73/9/52 75/10/52 74/8/52
f 77/6/53 76/7/53 79/8/53
f 76/7/54 78/9/54 79/8/54
f 80/10/55 77/6/55 79/8/55
f 78/9/56 80/10/56 79/8/56
o Flower3.003
v 7.047999 0.029847 1.303222
v 7.049489 0.076592 1.301067
v 7.048811 0.030000 1.296713
v 7.050587 0.076657 1.296756
v 7.056247 0.029375 1.300934
v 7.055243 0.076239 1.300235
v 7.051079 0.029588 1.304971
v 7.051417 0.076419 1.302507
v 7.055308 0.029546 1.297514
v 7.054900 0.076338 1.297853
v 7.052228 0.029805 1.295766
v 7.052969 0.076511 1.296411
v 7.047033 0.030019 1.299812
v 7.049148 0.076691 1.298686
v 7.054495 0.029393 1.304023
v 7.053802 0.076273 1.302163
v 7.043867 0.121683 1.299266
v 7.044822 0.121725 1.295956
v 7.048331 0.121404 1.298757
v 7.045321 0.121550 1.300426
v 7.048125 0.121477 1.296906
v 7.046671 0.121610 1.295745
v 7.043661 0.121755 1.297414
v 7.047170 0.121434 1.300216
v 7.046078 0.168135 1.300456
v 7.046849 0.168169 1.297780
v 7.049658 0.167912 1.300031
v 7.047241 0.168028 1.301388
v 7.049495 0.167970 1.298536
v 7.048332 0.168077 1.297604
v 7.045915 0.168193 1.298961
v 7.048724 0.167936 1.301212
v 7.043521 0.063776 1.290839
v 6.990419 0.102872 1.306411
v 7.044397 0.062911 1.311195
v 6.993938 0.106321 1.325736
v 7.049794 0.031330 1.294973
v 7.049706 0.031246 1.305077
v 7.021513 0.088978 1.320009
v 7.017977 0.087581 1.295343
v 7.041066 0.063134 1.300689
v 6.983601 0.109256 1.315998
v 7.046532 0.031719 1.299976
v 7.018362 0.088624 1.307159
v 7.074809 0.163088 1.279341
v 7.050667 0.105421 1.297649
v 7.102977 0.183720 1.257137
v 7.056695 0.137598 1.294480
v 7.079963 0.162045 1.289981
v 7.066707 0.163442 1.268880
v 7.047235 0.105306 1.296158
v 7.049479 0.105349 1.301341
v 7.089574 0.180785 1.252441
v 7.049381 0.137375 1.286235
v 7.100644 0.177337 1.268668
v 7.058455 0.138241 1.304478
v 7.045187 0.209708 1.309423
v 7.044487 0.200002 1.314201
v 7.038836 0.214779 1.304381
v 7.037550 0.208747 1.297075
v 7.035343 0.199619 1.307939
v 7.033763 0.198611 1.294853
v 7.035660 0.184719 1.308551
v 7.044502 0.185834 1.315992
v 7.034235 0.184698 1.293443
v 7.039401 0.170498 1.306320
v 7.047423 0.174044 1.310830
v 7.038058 0.172228 1.295984
v 7.048141 0.167727 1.300840
v 7.049132 0.167506 1.302559
v 7.047534 0.167479 1.299045
v 7.038182 0.208632 1.294979
v 7.033734 0.198660 1.295259
v 7.042058 0.213418 1.287389
v 7.049993 0.207509 1.286887
v 7.039019 0.197816 1.285330
v 7.052564 0.197021 1.283641
v 7.040886 0.183138 1.286568
v 7.035133 0.184751 1.296338
v 7.053807 0.183223 1.284784
v 7.044652 0.170331 1.291408
v 7.039892 0.172432 1.298639
v 7.050989 0.172133 1.289811
v 7.049236 0.167944 1.300343
v 7.047859 0.167876 1.301443
v 7.050793 0.167624 1.299712
v 7.052306 0.207494 1.287351
v 7.052085 0.197014 1.283575
v 7.059236 0.213243 1.289819
v 7.060794 0.208348 1.298830
v 7.061857 0.197582 1.287951
v 7.064664 0.198301 1.301937
v 7.060739 0.183119 1.290138
v 7.052455 0.183643 1.285766
v 7.064578 0.183818 1.302580
v 7.057054 0.169707 1.294838
v 7.051556 0.172431 1.291143
v 7.059001 0.173765 1.300438
v 7.048387 0.168051 1.300735
v 7.047138 0.167689 1.299319
v 7.049279 0.167958 1.302541
v 7.059219 0.212105 1.299165
v 7.064125 0.201950 1.300855
v 7.054499 0.218396 1.304083
v 7.046056 0.212685 1.308727
v 7.058026 0.202984 1.309636
v 7.043272 0.202858 1.314589
v 7.058393 0.187347 1.311207
v 7.065797 0.187087 1.302321
v 7.041344 0.188355 1.315809
v 7.055724 0.171978 1.309148
v 7.060133 0.174383 1.300582
v 7.044071 0.174656 1.312511
v 7.049592 0.167919 1.300558
v 7.051290 0.167469 1.299592
v 7.047396 0.168019 1.301628
vn -0.7989 -0.5845 -0.1420
vn -0.9739 -0.0446 -0.2224
vn -0.5227 -0.0277 -0.8521
vn -0.4774 -0.5959 -0.6457
vn -0.1659 -0.6177 0.7687
vn -0.1980 0.0352 0.9796
vn -0.8387 -0.0170 0.5443
vn -0.6697 -0.5961 0.4429
vn 0.6135 -0.6391 -0.4639
vn 0.8487 0.0658 -0.5248
vn 0.9731 0.0868 0.2136
vn 0.7499 -0.6494 0.1262
vn 0.5496 0.0763 0.8320
vn 0.4796 0.0375 0.8767
vn -0.2900 -0.0033 0.9570
vn 0.4252 -0.6406 0.6393
vn 0.1027 -0.6167 -0.7805
vn 0.2361 0.0202 -0.9715
vn 0.4098 0.5922 0.6938
vn -0.1779 0.6200 0.7642
vn 0.8630 0.0550 -0.5022
vn 0.9614 0.0631 0.2678
vn -0.8799 -0.0303 0.4742
vn 0.2474 0.0216 -0.9687
vn -0.9622 -0.0320 -0.2705
vn -0.5053 -0.0126 -0.8629
vn -0.3383 0.6736 -0.6571
vn -0.7076 0.6795 -0.1941
vn -0.6425 0.6567 0.3949
vn 0.7748 0.5881 0.2321
vn 0.7108 0.6087 -0.3525
vn 0.2505 0.6437 -0.7231
vn 0.4513 0.8763 -0.1684
vn 0.4682 0.8650 -0.1804
vn 0.5897 0.7961 -0.1357
vn 0.6208 0.7831 -0.0374
vn 0.8710 0.4900 -0.0361
vn 0.8343 0.4676 -0.2922
vn 0.9083 0.1952 -0.3699
vn 0.9787 0.2052 -0.0045
vn 0.5941 0.7803 -0.1953
vn 0.8644 0.4505 0.2234
vn 0.9157 0.1874 0.3556
vn 0.4786 0.8577 -0.1878
vn -0.8693 0.4740 0.1402
vn -0.7717 0.5075 0.3833
vn -0.8813 0.2454 0.4037
vn -0.9740 0.2246 0.0313
vn -0.4837 0.7961 0.3637
vn -0.3545 0.8650 0.3551
vn -0.3610 0.8577 0.3661
vn -0.4634 0.7803 0.4199
vn -0.6289 0.4867 0.6063
vn -0.6575 0.2299 0.7176
vn -0.3439 0.8763 0.3373
vn -0.5520 0.7831 0.2865
vn -0.1330 0.8287 0.5437
vn -0.5260 0.8287 0.1915
vn -0.8386 0.1939 0.5090
vn -0.2198 0.3805 0.8983
vn -0.6898 0.7041 -0.1687
vn -0.8892 0.1939 -0.4145
vn -0.7124 -0.5528 0.4324
vn -0.1980 -0.5528 0.8095
vn -0.7552 -0.5528 -0.3522
vn -0.3316 -0.9217 0.2013
vn -0.0169 -0.9217 0.3875
vn -0.3515 -0.9217 -0.1640
vn -0.0001 -1.0000 0.0001
vn -0.0000 -1.0000 -0.0000
vn -0.0001 -1.0000 -0.0000
vn -0.6436 0.7041 -0.3001
vn -0.2904 0.8287 -0.4785
vn -0.5090 0.1939 -0.8386
vn -0.9529 0.1939 -0.2332
vn 0.0309 0.7041 -0.7094
vn 0.2375 -0.0000 -0.9714
vn -0.4324 -0.5527 -0.7124
vn -0.8095 -0.5527 -0.1981
vn 0.1980 -0.5528 -0.8095
vn -0.1328 -0.9217 -0.3645
vn -0.3768 -0.9217 -0.0922
vn 0.0921 -0.9217 -0.3768
vn -0.0001 -1.0000 -0.0001
vn -0.0000 -1.0000 -0.0001
vn 0.1687 0.7041 -0.6898
vn 0.5235 0.7041 -0.4798
vn 0.7232 0.1939 -0.6628
vn 0.2377 -0.0000 -0.9713
vn 0.7019 0.7041 -0.1081
vn 0.9801 0.1939 0.0426
vn 0.6144 -0.5527 -0.5631
vn 0.1980 -0.5527 -0.8095
vn 0.8095 -0.5528 0.1980
vn 0.3317 -0.9217 -0.2013
vn 0.0922 -0.9217 -0.3768
vn 0.3875 -0.9217 0.0169
vn 0.0001 -1.0000 -0.0000
vn 0.5532 0.8287 -0.0853
vn 0.3128 0.9217 0.2292
vn 0.5630 0.5527 0.6144
vn 0.9239 0.3806 0.0403
vn -0.0923 0.9217 0.3767
vn -0.3908 0.3806 0.8381
vn 0.5630 -0.5528 0.6143
vn 0.9239 -0.3806 0.0403
vn -0.3908 -0.3806 0.8381
vn 0.2621 -0.9217 0.2860
vn 0.5592 -0.8287 0.0243
vn -0.2366 -0.8287 0.5073
vn 0.1987 -0.9796 -0.0305
vt 0.340391 0.026662
vt 0.340391 0.166631
vt 0.333368 0.166631
vt 0.333368 0.026662
vt 0.354397 0.026662
vt 0.354397 0.166631
vt 0.347395 0.166631
vt 0.347395 0.026662
vt 0.375416 0.026662
vt 0.375416 0.166631
vt 0.368409 0.166631
vt 0.368409 0.026662
vt 0.361402 0.166631
vt 0.361402 0.306963
vt 0.354397 0.306963
vt 0.361402 0.026662
vt 0.679316 0.964908
vt 0.684997 0.959137
vt 0.693148 0.959179
vt 0.698877 0.964908
vt 0.698877 0.973010
vt 0.693148 0.978740
vt 0.685045 0.978740
vt 0.679316 0.973010
vt 0.326365 0.166631
vt 0.326365 0.026662
vt 0.382420 0.026662
vt 0.382420 0.166631
vt 0.361402 0.444721
vt 0.354397 0.444721
vt 0.375416 0.306963
vt 0.368409 0.306963
vt 0.347395 0.306963
vt 0.382420 0.306963
vt 0.340391 0.306963
vt 0.333368 0.306963
vt 0.326365 0.306963
vt 0.684979 0.970679
vt 0.684979 0.967243
vt 0.687391 0.964800
vt 0.690802 0.964781
vt 0.693214 0.967198
vt 0.693214 0.970634
vt 0.690802 0.973077
vt 0.687391 0.973096
vt 0.340391 0.444721
vt 0.333368 0.444721
vt 0.375416 0.444721
vt 0.368409 0.444721
vt 0.326365 0.444721
vt 0.347395 0.444721
vt 0.382420 0.444721
vt 0.021066 0.053589
vt 0.052507 0.021723
vt 0.060906 0.187288
vt 0.021066 0.190239
vt 0.059861 0.317355
vt 0.093438 0.316871
vt 0.087119 0.444991
vt 0.068923 0.444471
vt 0.101147 0.185116
vt 0.026864 0.320296
vt 0.051022 0.446830
vt 0.090526 0.049609
vt 0.033035 0.600138
vt 0.008586 0.556005
vt 0.087119 0.555500
vt 0.087845 0.616737
vt 0.032519 0.511526
vt 0.086989 0.494058
vt 0.160041 0.554831
vt 0.160224 0.620138
vt 0.157153 0.487920
vt 0.216036 0.553599
vt 0.214587 0.609099
vt 0.210830 0.495859
vt 0.266738 0.549532
vt 0.267239 0.562561
vt 0.265912 0.536542
s 1
usemtl Flowers
f 93/11/57 94/12/58 84/13/59 83/14/60
f 87/15/61 88/16/62 82/17/63 81/18/64
f 89/19/65 90/20/66 86/21/67 85/22/68
f 88/16/62 96/23/69 104/24/70 100/25/71
f 95/26/72 96/23/69 88/16/62 87/15/61
f 81/27/64 93/28/57 83/29/60 91/30/73 89/31/65 85/32/68 95/33/72 87/34/61
f 83/14/60 84/13/59 92/35/74 91/36/73
f 81/18/64 82/17/63 94/12/58 93/11/57
f 85/22/68 86/21/67 96/23/69 95/26/72
f 90/20/66 89/19/65 91/37/73 92/38/74
f 100/25/71 104/24/70 112/39/75 108/40/76
f 86/21/67 90/20/66 101/41/77 99/42/78
f 82/17/63 88/16/62 100/25/71 97/43/79
f 90/20/66 92/38/74 102/44/80 101/41/77
f 94/12/58 82/17/63 97/43/79 103/45/81
f 96/23/69 86/21/67 99/42/78 104/24/70
f 84/13/59 94/12/58 103/45/81 98/46/82
f 92/35/74 84/13/59 98/46/82 102/47/80
f 106/48/83 111/49/84 105/50/85 108/51/76 112/52/75 107/53/86 109/54/87 110/55/88
f 98/46/82 103/45/81 111/56/84 106/57/83
f 99/42/78 101/41/77 109/58/87 107/59/86
f 102/47/80 98/46/82 106/57/83 110/60/88
f 97/43/79 100/25/71 108/40/76 105/61/85
f 101/41/77 102/44/80 110/62/88 109/58/87
f 104/24/70 99/42/78 107/59/86 112/39/75
f 103/45/81 97/43/79 105/61/85 111/56/84
f 114/63/89 122/64/90 124/65/91 120/66/92
f 121/67/93 115/68/94 118/69/95 123/70/96
f 121/67/93 124/65/91 119/71/97 115/68/94
f 113/72/98 120/66/92 124/65/91 121/67/93
f 113/72/98 121/67/93 123/70/96 117/73/99
f 124/65/91 122/64/90 116/74/100 119/71/97
f 136/72/101 128/67/102 126/70/103 132/73/104
f 125/65/105 127/64/106 133/74/107 130/71/108
f 128/67/102 134/68/109 131/69/110 126/70/103
f 135/63/111 127/64/106 125/65/105 129/66/112
f 136/72/101 129/66/112 125/65/105 128/67/102
f 128/67/102 125/65/105 130/71/108 134/68/109
f 137/75/113 139/76/114 141/77/115 138/78/116
f 139/76/114 140/79/117 142/80/118 141/77/115
f 138/78/116 141/77/115 143/81/119 144/82/120
f 141/77/115 142/80/118 145/83/121 143/81/119
f 144/82/120 143/81/119 146/84/122 147/85/123
f 143/81/119 145/83/121 148/86/124 146/84/122
f 147/85/123 146/84/122 149/87/125 150/88/126
f 146/84/122 148/86/124 151/89/127 149/87/125
f 152/75/128 154/76/129 156/77/130 153/78/131
f 154/76/129 155/79/132 157/80/133 156/77/130
f 153/78/131 156/77/130 158/81/134 159/82/135
f 156/77/130 157/80/133 160/83/136 158/81/134
f 159/82/135 158/81/134 161/84/137 162/85/138
f 158/81/134 160/83/136 163/86/139 161/84/137
f 162/85/138 161/84/137 164/87/140 165/88/126
f 161/84/137 163/86/139 166/89/141 164/87/140
f 167/75/142 169/76/143 171/77/144 168/78/145
f 169/76/143 170/79/146 172/80/147 171/77/144
f 168/78/145 171/77/144 173/81/148 174/82/149
f 171/77/144 172/80/147 175/83/150 173/81/148
f 174/82/149 173/81/148 176/84/151 177/85/152
f 173/81/148 175/83/150 178/86/153 176/84/151
f 177/85/152 176/84/151 179/87/154 180/88/126
f 176/84/151 178/86/153 181/89/126 179/87/154
f 182/75/155 184/76/156 186/77/157 183/78/158
f 184/76/156 185/79/159 187/80/160 186/77/157
f 183/78/158 186/77/157 188/81/161 189/82/162
f 186/77/157 187/80/160 190/83/163 188/81/161
f 189/82/162 188/81/161 191/84/164 192/85/165
f 188/81/161 190/83/163 193/86/166 191/84/164
f 192/85/165 191/84/164 194/87/126 195/88/167
f 191/84/164 193/86/166 196/89/126 194/87/126
o Flower2.002
v 7.244730 0.031078 1.378546
v 7.247202 0.102413 1.375282
v 7.245689 0.031135 1.370803
v 7.248503 0.102410 1.370155
v 7.254538 0.030518 1.375826
v 7.254045 0.102009 1.374294
v 7.248395 0.030823 1.380626
v 7.249497 0.102247 1.376996
v 7.253417 0.030648 1.371757
v 7.253634 0.102076 1.371460
v 7.249752 0.030903 1.369677
v 7.251337 0.102243 1.369745
v 7.243609 0.031207 1.374477
v 7.246794 0.102480 1.372450
v 7.252458 0.030591 1.379499
v 7.252333 0.102079 1.376588
v 7.241184 0.171033 1.372471
v 7.242316 0.171022 1.368534
v 7.246493 0.170717 1.371867
v 7.242915 0.170906 1.373852
v 7.246246 0.170765 1.369664
v 7.244515 0.170892 1.368284
v 7.240937 0.171081 1.370268
v 7.245113 0.170776 1.373602
v 7.244515 0.242043 1.373190
v 7.245430 0.242034 1.370007
v 7.248774 0.241790 1.372685
v 7.245901 0.241941 1.374299
v 7.248579 0.241828 1.370907
v 7.247193 0.241929 1.369798
v 7.244320 0.242081 1.371412
v 7.247664 0.241837 1.374090
v 7.242529 0.083990 1.362422
v 7.212080 0.183389 1.370267
v 7.242319 0.083221 1.387095
v 7.210729 0.182225 1.394963
v 7.247557 0.033700 1.368487
v 7.247431 0.033395 1.380497
v 7.222631 0.130431 1.394906
v 7.222806 0.131364 1.364137
v 7.238321 0.083108 1.374608
v 7.203005 0.192788 1.381947
v 7.243637 0.033700 1.374427
v 7.219495 0.129979 1.379423
v 7.241591 0.242582 1.369812
v 7.247463 0.241769 1.373201
v 7.244527 0.242175 1.371507
v 7.228116 0.246896 1.375128
v 7.252491 0.246470 1.389593
v 7.237928 0.247593 1.384754
v 7.222465 0.262186 1.383915
v 7.251747 0.259067 1.399997
v 7.235160 0.258658 1.394920
v 7.220432 0.280742 1.387089
v 7.232694 0.278971 1.398704
v 7.226516 0.294767 1.388024
v 7.235628 0.300808 1.396297
v 7.249267 0.278181 1.403994
v 7.246736 0.293134 1.399927
v 7.241299 0.299521 1.387330
v 7.239069 0.285351 1.392595
v 7.236286 0.307549 1.378142
v 7.234075 0.300261 1.367373
v 7.230570 0.286413 1.379431
v 7.228694 0.286449 1.364208
v 7.231122 0.265770 1.380256
v 7.239961 0.265854 1.393143
v 7.228865 0.267315 1.365038
v 7.235966 0.246390 1.376383
v 7.243073 0.248500 1.387481
v 7.234285 0.249548 1.364368
v 7.246362 0.241957 1.372062
v 7.247409 0.241850 1.374955
v 7.245315 0.242064 1.369169
v 7.235102 0.300233 1.365031
v 7.228664 0.286383 1.363576
v 7.244587 0.307323 1.359222
v 7.254671 0.299157 1.356851
v 7.241476 0.286117 1.354568
v 7.256910 0.284866 1.351929
v 7.240568 0.265014 1.354964
v 7.226139 0.266507 1.363654
v 7.257744 0.265367 1.352600
v 7.241682 0.245219 1.360245
v 7.232578 0.250100 1.368570
v 7.255451 0.247997 1.358839
v 7.246102 0.241497 1.371421
v 7.243198 0.241539 1.372453
v 7.249018 0.241475 1.370419
v 7.257053 0.298998 1.357767
v 7.257071 0.284850 1.352057
v 7.263834 0.306035 1.366626
v 7.266108 0.298157 1.376959
v 7.266765 0.284424 1.364297
v 7.270079 0.283647 1.379632
v 7.264665 0.263656 1.366310
v 7.255115 0.265347 1.353986
v 7.268025 0.264311 1.381411
v 7.257884 0.245563 1.369336
v 7.250893 0.248205 1.360482
v 7.260751 0.248434 1.378230
v 7.246842 0.241857 1.373061
v 7.245708 0.241941 1.370651
v 7.247973 0.241773 1.375466
v 7.265302 0.298170 1.379387
v 7.270038 0.283648 1.379755
v 7.257333 0.306140 1.386240
v 7.246581 0.299167 1.389362
v 7.258223 0.284562 1.390067
v 7.243058 0.285084 1.394130
v 7.255973 0.263977 1.388378
v 7.266814 0.264797 1.379996
v 7.241161 0.264818 1.393833
v 7.251558 0.244921 1.383066
v 7.259244 0.248766 1.377855
v 7.241988 0.248220 1.388091
v 7.246362 0.241957 1.372063
v 7.248923 0.241784 1.370782
v 7.243706 0.242058 1.373541
v 7.221011 0.295286 1.372401
v 7.217661 0.280539 1.376728
v 7.222996 0.302088 1.360334
v 7.230900 0.294997 1.351219
v 7.221283 0.279756 1.359842
v 7.231645 0.280141 1.346517
v 7.224551 0.259859 1.363684
v 7.221205 0.261875 1.380457
v 7.234368 0.261590 1.349870
v 7.233631 0.248521 1.366338
v 7.230180 0.248950 1.381210
v 7.241962 0.246071 1.355854
v 7.246362 0.241957 1.372062
v 7.244928 0.241999 1.375133
v 7.247795 0.241915 1.368992
v 7.277945 0.291828 1.370595
v 7.279011 0.276944 1.365710
v 7.277923 0.298388 1.382955
v 7.270073 0.291981 1.392607
v 7.276911 0.276009 1.382749
v 7.267702 0.277169 1.397338
v 7.269125 0.256731 1.382141
v 7.271683 0.258843 1.365181
v 7.260452 0.259231 1.396620
v 7.259547 0.245978 1.378629
v 7.260070 0.248981 1.366650
v 7.252129 0.251307 1.389829
v 7.245947 0.241907 1.373213
v 7.246933 0.241866 1.370451
v 7.244963 0.241948 1.375970
v 7.248642 0.294014 1.344286
v 7.243151 0.279417 1.341704
v 7.261258 0.299969 1.345381
v 7.270217 0.292561 1.353171
v 7.260034 0.277610 1.344696
v 7.274178 0.277410 1.354641
v 7.256829 0.257389 1.349404
v 7.239019 0.260059 1.344663
v 7.272323 0.259039 1.360476
v 7.252269 0.244285 1.358227
v 7.237733 0.248203 1.353898
v 7.265311 0.248122 1.367382
v 7.246584 0.241259 1.371501
v 7.243505 0.241299 1.370075
v 7.249652 0.241251 1.372953
vn -0.7964 -0.5897 -0.1345
vn -0.9751 -0.0273 -0.2202
vn -0.5270 -0.0250 -0.8495
vn -0.4778 -0.6048 -0.6371
vn -0.1647 -0.6114 0.7740
vn -0.2015 0.0384 0.9787
vn -0.8398 -0.0000 0.5429
vn -0.6691 -0.5922 0.4490
vn 0.6117 -0.6478 -0.4541
vn 0.8476 0.0379 -0.5292
vn 0.9752 0.0610 0.2128
vn 0.7469 -0.6513 0.1338
vn 0.5480 0.0624 0.8342
vn 0.4831 0.0333 0.8749
vn -0.2844 0.0103 0.9586
vn 0.4239 -0.6362 0.6446
vn 0.1029 -0.6285 -0.7709
vn 0.2311 0.0033 -0.9729
vn 0.4092 0.6036 0.6843
vn -0.1792 0.6315 0.7544
vn 0.8647 0.0297 -0.5015
vn 0.9629 0.0423 0.2665
vn -0.8777 -0.0103 0.4791
vn 0.2511 0.0055 -0.9680
vn -0.9630 -0.0187 -0.2688
vn -0.5032 -0.0134 -0.8641
vn -0.3411 0.6612 -0.6682
vn -0.7098 0.6740 -0.2047
vn -0.6441 0.6612 0.3845
vn 0.7745 0.5924 0.2218
vn 0.7097 0.6031 -0.3640
vn 0.2481 0.6312 -0.7349
vn 0.9125 0.1889 0.3629
vn 0.9735 0.2256 0.0371
vn 0.9514 0.3064 0.0298
vn 0.9081 0.2720 0.3184
vn 0.9637 0.2656 0.0270
vn 0.9124 0.2681 -0.3093
vn 0.9155 0.1224 -0.3831
vn 0.9913 0.1310 0.0108
vn 0.9144 0.3151 -0.2543
vn 0.9084 0.2372 0.3444
vn 0.9039 0.1180 0.4111
vn 0.9328 0.2372 -0.2713
vn 0.1268 -0.5528 0.8236
vn -0.3522 -0.5527 0.7553
vn -0.2294 -0.9217 0.3129
vn 0.1327 -0.9217 0.3645
vn -0.0000 -1.0000 0.0001
vn -0.3522 0.5527 0.7553
vn -0.7124 0.5528 0.4324
vn -0.8548 -0.0000 0.5189
vn -0.4226 -0.0000 0.9063
vn -0.0403 0.3805 0.9239
vn 0.1522 -0.0000 0.9884
vn -0.7831 -0.5528 0.2851
vn -0.5532 -0.8286 0.0853
vn -0.1822 -0.9796 -0.0848
vn -0.2364 0.8287 0.5073
vn -0.3644 0.9217 0.1327
vn -0.8690 0.3804 0.3164
vn -0.4145 0.1939 0.8891
vn -0.5073 0.8287 -0.2366
vn -0.8381 0.3806 -0.3908
vn -0.7831 -0.5527 0.2851
vn -0.3520 -0.5528 0.7553
vn -0.7552 -0.5528 -0.3522
vn -0.3645 -0.9217 0.1327
vn -0.0921 -0.9217 0.3767
vn -0.3127 -0.9217 -0.2294
vn -0.0000 -1.0000 -0.0000
vn -0.1044 -0.9796 -0.1718
vn -0.4514 0.8287 -0.3309
vn -0.0590 0.9217 -0.3833
vn -0.3164 0.3804 -0.8690
vn -0.8382 0.3805 -0.3907
vn 0.3001 0.7041 -0.6436
vn 0.4145 0.1939 -0.8891
vn -0.2851 -0.5527 -0.7831
vn -0.7553 -0.5528 -0.3520
vn 0.3522 -0.5528 -0.7552
vn -0.1327 -0.9217 -0.3645
vn -0.3767 -0.9217 -0.0921
vn 0.1640 -0.9217 -0.3515
vn -0.0001 -1.0000 -0.0001
vn -0.2008 -0.9796 -0.0088
vn 0.4199 0.7041 -0.5727
vn 0.5259 0.8287 -0.1915
vn 0.9218 0.1939 -0.3357
vn 0.6897 0.7041 0.1688
vn 0.9529 0.1939 0.2331
vn 0.6673 -0.7041 -0.2429
vn 0.3521 -0.5527 -0.7553
vn 0.7552 -0.5528 0.3522
vn 0.3646 -0.9217 -0.1327
vn 0.0921 -0.9217 -0.3768
vn 0.3515 -0.9217 0.1640
vn 0.0001 -1.0000 -0.0001
vn 0.6436 0.7041 0.3000
vn 0.2904 0.8287 0.4784
vn 0.5090 0.1939 0.8386
vn 0.9529 0.1939 0.2330
vn -0.0310 0.7041 0.7094
vn -0.2331 0.1939 0.9529
vn 0.3684 -0.7041 0.6071
vn 0.7553 -0.5528 0.3521
vn -0.1981 -0.5528 0.8094
vn 0.1328 -0.9217 0.3645
vn 0.3515 -0.9217 0.1639
vn -0.1640 -0.9217 0.3515
vn -0.1986 -0.9796 0.0307
vn -0.8325 0.5528 -0.0363
vn -0.6436 0.7041 -0.3000
vn -0.9063 -0.0000 -0.4225
vn -0.9884 -0.0000 0.1521
vn -0.5631 0.5528 -0.6143
vn -0.5189 -0.0000 -0.8548
vn -0.7553 -0.5527 -0.3521
vn -0.4325 -0.5527 -0.7124
vn -0.3516 -0.9217 -0.1639
vn -0.4785 -0.8287 0.2904
vn -0.1915 -0.8287 -0.5260
vn 0.0087 -0.9796 -0.2007
vn 0.9140 0.3805 -0.1407
vn 0.8095 0.5528 0.1980
vn 0.9529 -0.1939 0.2331
vn 0.9884 -0.0001 -0.1521
vn 0.7458 0.3805 0.5468
vn 0.6757 -0.0000 0.7372
vn 0.6437 -0.7040 0.3001
vn 0.7831 -0.5528 -0.2850
vn 0.4325 -0.5528 0.7124
vn 0.3516 -0.9217 0.1639
vn 0.3317 -0.9217 -0.2012
vn 0.1916 -0.8286 0.5260
vn 0.0001 -1.0000 0.0001
vn -0.1188 -0.9796 0.1621
vn 0.0403 0.3805 -0.9239
vn 0.3521 0.5528 -0.7553
vn 0.4225 -0.0001 -0.9064
vn -0.1521 -0.0000 -0.9884
vn 0.6818 0.3805 -0.6248
vn 0.8548 -0.0000 -0.5189
vn 0.3001 -0.7040 -0.6437
vn 0.7124 -0.5528 -0.4324
vn 0.0922 -0.9217 -0.3768
vn -0.2904 -0.8286 -0.4786
vn 0.5260 -0.8286 -0.1916
vn -0.0000 -1.0000 -0.0001
vn -0.1621 -0.9796 -0.1189
vn 0.0001 -1.0000 -0.0000
vt 0.647612 0.442691
vt 0.647612 0.319411
vt 0.653798 0.319411
vt 0.653798 0.442691
vt 0.635276 0.442691
vt 0.635276 0.319411
vt 0.641443 0.319411
vt 0.641444 0.442691
vt 0.616764 0.442691
vt 0.616764 0.319411
vt 0.622935 0.319411
vt 0.622935 0.442691
vt 0.629107 0.319411
vt 0.629107 0.195813
vt 0.635276 0.195813
vt 0.629107 0.442691
vt 0.686337 0.946468
vt 0.695905 0.955887
vt 0.695836 0.969401
vt 0.686337 0.978900
vt 0.672903 0.978900
vt 0.663403 0.969401
vt 0.663403 0.955967
vt 0.672903 0.946468
vt 0.659966 0.319411
vt 0.659966 0.442691
vt 0.610595 0.442691
vt 0.610595 0.319411
vt 0.629107 0.074482
vt 0.635276 0.074482
vt 0.616764 0.195813
vt 0.622935 0.195813
vt 0.641443 0.195813
vt 0.610595 0.195813
vt 0.647612 0.195813
vt 0.653798 0.195813
vt 0.659966 0.195813
vt 0.675778 0.956893
vt 0.681475 0.956893
vt 0.685526 0.960892
vt 0.685557 0.966548
vt 0.681550 0.970546
vt 0.675853 0.970546
vt 0.671803 0.966548
vt 0.671771 0.960892
vt 0.647612 0.074482
vt 0.653798 0.074482
vt 0.616764 0.074482
vt 0.622935 0.074482
vt 0.659966 0.074482
vt 0.641443 0.074482
vt 0.610595 0.074482
vt 0.597305 0.428966
vt 0.569629 0.457016
vt 0.562236 0.311281
vt 0.597305 0.308683
vt 0.563156 0.196793
vt 0.533600 0.197219
vt 0.539163 0.084444
vt 0.555179 0.084902
vt 0.526815 0.313193
vt 0.592201 0.194204
vt 0.570937 0.082825
vt 0.536164 0.432470
vt 0.676985 0.306043
vt 0.739740 0.311356
vt 0.736217 0.365253
vt 0.683020 0.359196
vt 0.735863 0.414303
vt 0.723303 0.413690
vt 0.751341 0.165755
vt 0.792060 0.192486
vt 0.804263 0.246283
vt 0.745226 0.241244
vt 0.706888 0.185534
vt 0.686335 0.236794
vt 0.804263 0.314205
vt 0.792124 0.365105
vt 0.748411 0.414602
s 1
usemtl Flowers
f 209/90/168 210/91/169 200/92/170 199/93/171
f 203/94/172 204/95/173 198/96/174 197/97/175
f 205/98/176 206/99/177 202/100/178 201/101/179
f 204/95/173 212/102/180 220/103/181 216/104/182
f 211/105/183 212/102/180 204/95/173 203/94/172
f 197/106/175 209/107/168 199/108/171 207/109/184 205/110/176 201/111/179 211/112/183 203/113/172
f 199/93/171 200/92/170 208/114/185 207/115/184
f 197/97/175 198/96/174 210/91/169 209/90/168
f 201/101/179 202/100/178 212/102/180 211/105/183
f 206/99/177 205/98/176 207/116/184 208/117/185
f 216/104/182 220/103/181 228/118/186 224/119/187
f 202/100/178 206/99/177 217/120/188 215/121/189
f 198/96/174 204/95/173 216/104/182 213/122/190
f 206/99/177 208/117/185 218/123/191 217/120/188
f 210/91/169 198/96/174 213/122/190 219/124/192
f 212/102/180 202/100/178 215/121/189 220/103/181
f 200/92/170 210/91/169 219/124/192 214/125/193
f 208/114/185 200/92/170 214/125/193 218/126/191
f 222/127/194 227/128/195 221/129/196 224/130/187 228/131/186 223/132/197 225/133/198 226/134/199
f 214/125/193 219/124/192 227/135/195 222/136/194
f 215/121/189 217/120/188 225/137/198 223/138/197
f 218/126/191 214/125/193 222/136/194 226/139/199
f 213/122/190 216/104/182 224/119/187 221/140/196
f 217/120/188 218/123/191 226/141/199 225/137/198
f 220/103/181 215/121/189 223/138/197 228/118/186
f 219/124/192 213/122/190 221/140/196 227/135/195
f 230/142/200 238/143/201 240/144/202 236/145/203
f 237/146/204 231/147/205 234/148/206 239/149/207
f 237/146/204 240/144/202 235/150/208 231/147/205
f 229/151/209 236/145/203 240/144/202 237/146/204
f 229/151/209 237/146/204 239/149/207 233/152/210
f 240/144/202 238/143/201 232/153/211 235/150/208
f 248/154/212 249/155/213 246/156/214 245/157/215
f 245/157/215 246/156/214 243/158/216 242/159/216
f 253/160/217 252/161/218 250/162/219 251/163/220
f 255/164/221 253/160/217 251/163/220 254/165/222
f 251/163/220 250/162/219 247/166/223 249/155/213
f 254/165/222 251/163/220 249/155/213 248/154/212
f 246/156/214 244/167/224 241/168/225 243/158/216
f 249/155/213 247/166/223 244/167/224 246/156/214
f 256/164/226 258/160/227 260/163/228 257/165/229
f 258/160/227 259/161/230 261/162/231 260/163/228
f 257/165/229 260/163/228 262/155/232 263/154/233
f 260/163/228 261/162/231 264/166/234 262/155/232
f 263/154/233 262/155/232 265/156/235 266/157/236
f 262/155/232 264/166/234 267/167/237 265/156/235
f 266/157/236 265/156/235 268/158/238 269/159/238
f 265/156/235 267/167/237 270/168/239 268/158/238
f 271/164/240 273/160/241 275/163/242 272/165/243
f 273/160/241 274/161/244 276/162/245 275/163/242
f 272/165/243 275/163/242 277/155/246 278/154/247
f 275/163/242 276/162/245 279/166/248 277/155/246
f 278/154/247 277/155/246 280/156/249 281/157/250
f 277/155/246 279/166/248 282/167/251 280/156/249
f 281/157/250 280/156/249 283/158/252 284/159/253
f 280/156/249 282/167/251 285/168/238 283/158/252
f 286/164/254 288/160/255 290/163/256 287/165/245
f 288/160/255 289/161/257 291/162/258 290/163/256
f 287/165/245 290/163/256 292/155/259 293/154/260
f 290/163/256 291/162/258 294/166/261 292/155/259
f 293/154/260 292/155/259 295/156/262 296/157/263
f 292/155/259 294/166/261 297/167/264 295/156/262
f 296/157/263 295/156/262 298/158/265 299/159/238
f 295/156/262 297/167/264 300/168/238 298/158/265
f 301/164/266 303/160/267 305/163/268 302/165/269
f 303/160/267 304/161/270 306/162/271 305/163/268
f 302/165/269 305/163/268 307/155/272 308/154/273
f 305/163/268 306/162/271 309/166/274 307/155/272
f 308/154/273 307/155/272 310/156/275 311/157/276
f 307/155/272 309/166/274 312/167/277 310/156/275
f 311/157/276 310/156/275 313/158/216 314/159/238
f 310/156/275 312/167/277 315/168/278 313/158/216
f 316/164/279 318/160/280 320/163/281 317/165/282
f 318/160/280 319/161/283 321/162/284 320/163/281
f 317/165/282 320/163/281 322/155/285 323/154/223
f 320/163/281 321/162/284 324/166/286 322/155/285
f 323/154/223 322/155/285 325/156/287 326/157/288
f 322/155/285 324/166/286 327/167/289 325/156/287
f 326/157/288 325/156/287 328/158/238 329/159/238
f 325/156/287 327/167/289 330/168/290 328/158/238
f 331/164/291 333/160/292 335/163/293 332/165/294
f 333/160/292 334/161/295 336/162/296 335/163/293
f 332/165/294 335/163/293 337/155/297 338/154/298
f 335/163/293 336/162/296 339/166/299 337/155/297
f 338/154/298 337/155/297 340/156/300 341/157/301
f 337/155/297 339/166/299 342/167/302 340/156/300
f 341/157/301 340/156/300 343/158/303 344/159/238
f 340/156/300 342/167/302 345/168/304 343/158/303
f 346/164/305 348/160/306 350/163/307 347/165/308
f 348/160/306 349/161/309 351/162/310 350/163/307
f 347/165/308 350/163/307 352/155/311 353/154/246
f 350/163/307 351/162/310 354/166/312 352/155/311
f 353/154/246 352/155/311 355/156/313 356/157/314
f 352/155/311 354/166/312 357/167/315 355/156/313
f 356/157/314 355/156/313 358/158/316 359/159/317
f 355/156/313 357/167/315 360/168/318 358/158/316
o Flower4.002
v 6.826016 0.031523 1.312560
v 6.827022 0.077686 1.305484
v 6.826831 0.031624 1.306050
v 6.828121 0.077707 1.301172
v 6.834255 0.030903 1.310275
v 6.832770 0.077234 1.304654
v 6.829091 0.031224 1.314310
v 6.828947 0.077490 1.306925
v 6.833319 0.031069 1.306854
v 6.832428 0.077324 1.302271
v 6.830244 0.031367 1.305104
v 6.830501 0.077520 1.300828
v 6.825053 0.031691 1.309148
v 6.826683 0.077776 1.303102
v 6.832504 0.030967 1.313363
v 6.831329 0.077303 1.306582
v 6.829487 0.124120 1.309316
v 6.830443 0.124127 1.306006
v 6.833946 0.123766 1.308810
v 6.830938 0.123970 1.310478
v 6.833741 0.123830 1.306957
v 6.832290 0.123980 1.305796
v 6.829282 0.124185 1.307464
v 6.832786 0.123824 1.310268
v 6.826363 0.169805 1.308968
v 6.827134 0.169811 1.306292
v 6.829939 0.169521 1.308544
v 6.827524 0.169685 1.309901
v 6.829777 0.169573 1.307049
v 6.828615 0.169693 1.306116
v 6.826201 0.169857 1.307473
v 6.829006 0.169568 1.309725
v 6.828070 0.169689 1.308009
v 6.864607 0.201360 1.286517
v 6.876986 0.177328 1.326686
v 6.842931 0.164176 1.358493
v 6.796497 0.175057 1.350131
v 6.784119 0.199090 1.309962
v 6.818173 0.212242 1.278154
v 6.827805 0.167711 1.306907
v 6.850410 0.187144 1.293493
v 6.858078 0.172258 1.318373
v 6.836985 0.164112 1.338074
v 6.808224 0.170852 1.332894
v 6.800557 0.185738 1.308014
v 6.821651 0.193884 1.288313
v 6.833014 0.076161 1.297883
v 6.831733 0.065131 1.302602
v 6.847741 0.085452 1.294016
v 6.830188 0.075636 1.297245
v 6.827291 0.076161 1.297178
v 6.831050 0.082344 1.290245
v 6.829582 0.064812 1.302161
v 6.827389 0.065131 1.302066
v 6.813944 0.085452 1.289851
v 6.831872 0.089677 1.283584
v 6.810465 0.093190 1.282884
v 6.852807 0.093190 1.288102
v 6.832818 0.095133 1.275904
v 6.812771 0.098666 1.275383
v 6.852392 0.098666 1.280265
v 6.833890 0.098713 1.267204
v 6.818995 0.101963 1.267161
v 6.848349 0.101963 1.270779
v 6.835052 0.100943 1.257770
v 6.824974 0.102664 1.260372
v 6.844198 0.102664 1.262741
v 6.836341 0.101294 1.247316
v 6.825106 0.131804 1.306137
v 6.831064 0.124452 1.306275
v 6.818465 0.137681 1.295289
v 6.825089 0.131347 1.308404
v 6.825291 0.131804 1.310662
v 6.818364 0.134975 1.308679
v 6.831069 0.124148 1.308159
v 6.831218 0.124452 1.310038
v 6.819558 0.137681 1.322016
v 6.811769 0.139146 1.308949
v 6.813186 0.142206 1.325661
v 6.811816 0.142206 1.292177
v 6.804784 0.141684 1.309235
v 6.806160 0.144761 1.324871
v 6.804879 0.144761 1.293538
v 6.797407 0.142587 1.309536
v 6.798559 0.145418 1.321115
v 6.797609 0.145418 1.297902
v 6.789749 0.142315 1.309850
v 6.792594 0.144407 1.317347
v 6.791972 0.144407 1.302145
v 6.781700 0.140406 1.310179
v 6.839276 0.109213 1.360268
v 6.829340 0.113598 1.349998
v 6.845834 0.113598 1.347572
v 6.837992 0.111305 1.351535
v 6.824068 0.114705 1.344344
v 6.849255 0.114705 1.340639
v 6.836769 0.111604 1.343226
v 6.818476 0.113986 1.336924
v 6.852472 0.113986 1.331923
v 6.835592 0.110614 1.335222
v 6.816195 0.111186 1.329520
v 6.852525 0.111186 1.324176
v 6.834477 0.107833 1.327642
v 6.847820 0.106228 1.317651
v 6.833426 0.091731 1.306323
v 6.831396 0.091398 1.306702
v 6.833424 0.103262 1.320487
v 6.834788 0.099788 1.312710
v 6.832351 0.099286 1.313190
v 6.818821 0.106228 1.321917
v 6.829343 0.091731 1.306924
v 6.829878 0.099788 1.313432
vn -0.6774 -0.5673 0.4683
vn -0.8552 0.0537 0.5155
vn -0.4779 -0.6294 -0.6127
vn -0.5268 0.0232 -0.8497
vn 0.7506 -0.6433 0.1507
vn 0.9811 0.0025 0.1934
vn -0.1705 -0.5748 0.8003
vn -0.2255 0.0476 0.9731
vn 0.6050 -0.6634 -0.4404
vn 0.8308 -0.0098 -0.5565
vn 0.0918 -0.6581 -0.7473
vn 0.2078 -0.0001 -0.9782
vn -0.8000 -0.5881 -0.1186
vn -0.9693 0.0442 -0.2418
vn 0.4264 -0.6077 0.6700
vn 0.5462 0.0271 0.8372
vn -0.8643 -0.0262 0.5023
vn -0.4840 0.0430 -0.8740
vn 0.9610 0.0166 0.2761
vn -0.2546 -0.0335 0.9665
vn 0.8804 0.0505 -0.4716
vn 0.2890 0.0629 -0.9553
vn -0.9649 0.0048 -0.2626
vn 0.4975 -0.0166 0.8673
vn -0.6693 0.6324 0.3900
vn -0.3599 0.6433 -0.6758
vn 0.7452 0.6297 0.2195
vn -0.1940 0.6231 0.7577
vn 0.6871 0.6348 -0.3535
vn 0.2361 0.6389 -0.7321
vn -0.7379 0.6420 -0.2082
vn 0.3922 0.6235 0.6764
vn 0.1163 0.8677 0.4833
vn -0.1773 0.6844 0.7072
vn -0.2804 0.8846 0.3726
vn 0.0033 0.9942 0.1076
vn 0.3901 0.9035 0.1773
vn 0.4932 0.7033 0.5119
vn 0.2095 0.5938 0.7769
vn -0.1732 0.6880 0.7048
vn -0.2749 0.8855 0.3747
vn 0.0050 0.9936 0.1132
vn 0.3866 0.9041 0.1820
vn 0.4883 0.7066 0.5121
vn 0.2084 0.5985 0.7735
vn -0.2760 0.6143 0.7392
vn -0.2589 0.4083 0.8754
vn -0.2719 0.6844 0.6765
vn -0.1005 0.5701 0.8154
vn 0.0883 0.6143 0.7841
vn -0.0864 0.7075 0.7014
vn -0.1114 0.4129 0.9039
vn 0.0386 0.4083 0.9121
vn 0.0995 0.6844 0.7223
vn -0.0809 0.7501 0.6564
vn 0.1084 0.7461 0.6570
vn -0.2646 0.7461 0.6110
vn -0.0619 0.8625 0.5023
vn 0.1363 0.8333 0.5357
vn -0.2623 0.8333 0.4866
vn -0.0404 0.9440 0.3275
vn 0.1805 0.9061 0.3827
vn -0.2680 0.9061 0.3274
vn -0.0142 0.9933 0.1149
vn 0.2087 0.9519 0.2244
vn -0.2570 0.9519 0.1670
vn -0.0041 0.9994 0.0330
vn 0.5873 0.7935 0.1593
vn 0.7682 0.6294 0.1177
vn 0.5073 0.8455 0.1665
vn 0.6430 0.7654 -0.0263
vn 0.5724 0.7935 -0.2067
vn 0.4955 0.8684 -0.0203
vn 0.7707 0.6365 -0.0315
vn 0.7560 0.6294 -0.1800
vn 0.4920 0.8455 -0.2074
vn 0.4406 0.8975 -0.0180
vn 0.4122 0.8878 -0.2049
vn 0.4275 0.8878 0.1706
vn 0.2613 0.9652 -0.0107
vn 0.2694 0.9394 -0.2120
vn 0.2858 0.9394 0.1893
vn 0.0702 0.9975 -0.0029
vn 0.0977 0.9682 -0.2302
vn 0.1162 0.9682 0.2214
vn -0.1493 0.9888 0.0061
vn -0.0694 0.9702 -0.2320
vn -0.0503 0.9702 0.2369
vn -0.2304 0.9730 0.0094
vn 0.0336 0.9730 0.2282
vn 0.2408 0.9702 0.0251
vn -0.2234 0.9702 0.0934
vn 0.0217 0.9888 0.1478
vn 0.2080 0.9682 -0.1388
vn -0.2391 0.9682 -0.0730
vn -0.0102 0.9975 -0.0695
vn 0.1583 0.9394 -0.3041
vn -0.2391 0.9394 -0.2457
vn -0.0381 0.9652 -0.2588
vn 0.1248 0.8878 -0.4431
vn -0.2471 0.8878 -0.3884
vn -0.0642 0.8975 -0.4362
vn -0.2579 0.8455 -0.4675
vn -0.2584 0.6294 -0.7329
vn -0.1123 0.6365 -0.7631
vn -0.0722 0.8684 -0.4907
vn -0.2657 0.7935 -0.5475
vn -0.0937 0.7654 -0.6367
vn 0.1123 0.8455 -0.5220
vn 0.0364 0.6294 -0.7763
vn 0.0967 0.7935 -0.6008
vt 0.194608 0.020619
vt 0.194608 0.162245
vt 0.187502 0.162245
vt 0.187502 0.020619
vt 0.208780 0.020619
vt 0.208780 0.162245
vt 0.201695 0.162245
vt 0.201695 0.020619
vt 0.230047 0.020619
vt 0.230047 0.162245
vt 0.222957 0.162245
vt 0.222957 0.020619
vt 0.215867 0.162245
vt 0.215867 0.304237
vt 0.208780 0.304237
vt 0.215867 0.020619
vt 0.668436 0.965333
vt 0.676802 0.956834
vt 0.688805 0.956896
vt 0.697242 0.965333
vt 0.697242 0.977265
vt 0.688805 0.985702
vt 0.676873 0.985702
vt 0.668436 0.977264
vt 0.180416 0.162245
vt 0.180416 0.020619
vt 0.237135 0.020619
vt 0.237135 0.162245
vt 0.215867 0.443624
vt 0.208780 0.443624
vt 0.230047 0.304237
vt 0.222957 0.304237
vt 0.201695 0.304237
vt 0.237135 0.304237
vt 0.194608 0.304237
vt 0.187502 0.304237
vt 0.180416 0.304237
vt 0.676776 0.973832
vt 0.676776 0.968771
vt 0.680327 0.965174
vt 0.685351 0.965146
vt 0.688902 0.968705
vt 0.688902 0.973765
vt 0.685351 0.977362
vt 0.680328 0.977390
vt 0.194608 0.443624
vt 0.187502 0.443624
vt 0.230047 0.443624
vt 0.222957 0.443624
vt 0.180416 0.443624
vt 0.201695 0.443624
vt 0.237135 0.443624
vt 0.738925 0.836718
vt 0.739600 0.748788
vt 0.816114 0.793781
vt 0.740275 0.660858
vt 0.663086 0.703794
vt 0.816114 0.705454
vt 0.663086 0.792122
vt 0.599464 0.777117
vt 0.599874 0.720703
vt 0.648950 0.749534
vt 0.600284 0.664290
vt 0.550798 0.691873
vt 0.648950 0.692879
vt 0.550798 0.748527
vt 0.655756 0.885490
vt 0.655779 0.871939
vt 0.710631 0.867231
vt 0.710501 0.877420
vt 0.614036 0.955505
vt 0.610517 0.875824
vt 0.653447 0.858590
vt 0.600407 0.796708
vt 0.708767 0.857214
vt 0.564324 0.879788
vt 0.553388 0.779574
vt 0.570624 0.980400
vt 0.520204 0.883575
vt 0.510949 0.789543
vt 0.527107 0.977809
vt 0.475674 0.887397
vt 0.470795 0.817598
vt 0.482760 0.957006
vt 0.429451 0.891364
vt 0.440594 0.844902
vt 0.448348 0.935247
vt 0.381404 0.895488
s 1
usemtl Flowers
f 373/169/331 374/170/332 364/171/322 363/172/321
f 367/173/325 368/174/326 362/175/320 361/176/319
f 369/177/327 370/178/328 366/179/324 365/180/323
f 368/174/326 376/181/334 384/182/342 380/183/338
f 375/184/333 376/181/334 368/174/326 367/173/325
f 361/185/319 373/186/331 363/187/321 371/188/329 369/189/327 365/190/323 375/191/333 367/192/325
f 363/172/321 364/171/322 372/193/330 371/194/329
f 361/176/319 362/175/320 374/170/332 373/169/331
f 365/180/323 366/179/324 376/181/334 375/184/333
f 370/178/328 369/177/327 371/195/329 372/196/330
f 380/183/338 384/182/342 392/197/350 388/198/346
f 366/179/324 370/178/328 381/199/339 379/200/337
f 362/175/320 368/174/326 380/183/338 377/201/335
f 370/178/328 372/196/330 382/202/340 381/199/339
f 374/170/332 362/175/320 377/201/335 383/203/341
f 376/181/334 366/179/324 379/200/337 384/182/342
f 364/171/322 374/170/332 383/203/341 378/204/336
f 372/193/330 364/171/322 378/204/336 382/205/340
f 386/206/344 391/207/349 385/208/343 388/209/346 392/210/350 387/211/345 389/212/347 390/213/348
f 378/204/336 383/203/341 391/214/349 386/215/344
f 379/200/337 381/199/339 389/216/347 387/217/345
f 382/205/340 378/204/336 386/215/344 390/218/348
f 377/201/335 380/183/338 388/198/346 385/219/343
f 381/199/339 382/202/340 390/220/348 389/216/347
f 384/182/342 379/200/337 387/217/345 392/197/350
f 383/203/341 377/201/335 385/219/343 391/214/349
f 396/221/354 393/222/351 397/223/355
f 399/224/357 393/222/351 394/225/352
f 398/226/356 393/222/351 399/224/357
f 395/227/353 393/222/351 396/221/354
f 394/225/352 393/222/351 395/227/353
f 397/223/355 393/222/351 398/226/356
f 403/228/360 400/229/351 404/230/361
f 406/231/363 400/229/351 401/232/358
f 405/233/362 400/229/351 406/231/363
f 402/234/359 400/229/351 403/228/360
f 401/232/358 400/229/351 402/234/359
f 404/230/361 400/229/351 405/233/362
f 407/235/364 410/236/367 413/237/370 408/238/365
f 410/236/367 407/235/364 409/239/366 412/240/369
f 411/241/368 410/236/367 412/240/369 415/242/372
f 410/236/367 411/241/368 414/243/371 413/237/370
f 415/242/372 412/240/369 416/244/373 417/245/374
f 412/240/369 409/239/366 418/246/375 416/244/373
f 417/245/374 416/244/373 419/247/376 420/248/377
f 416/244/373 418/246/375 421/249/378 419/247/376
f 420/248/377 419/247/376 422/250/379 423/251/380
f 419/247/376 421/249/378 424/252/381 422/250/379
f 423/251/380 422/250/379 425/253/382 426/254/383
f 422/250/379 424/252/381 427/255/384 425/253/382
f 426/254/383 425/253/382 428/256/385
f 425/253/382 427/255/384 428/256/385
f 429/235/386 432/236/389 435/237/392 430/238/387
f 432/236/389 429/235/386 431/239/388 434/240/391
f 433/241/390 432/236/389 434/240/391 437/242/394
f 432/236/389 433/241/390 436/243/393 435/237/392
f 437/242/394 434/240/391 438/244/395 439/245/396
f 434/240/391 431/239/388 440/246/397 438/244/395
f 439/245/396 438/244/395 441/247/398 442/248/399
f 438/244/395 440/246/397 443/249/400 441/247/398
f 442/248/399 441/247/398 444/250/401 445/251/402
f 441/247/398 443/249/400 446/252/403 444/250/401
f 445/251/402 444/250/401 447/253/404 448/254/405
f 444/250/401 446/252/403 449/255/406 447/253/404
f 448/254/405 447/253/404 450/256/407
f 447/253/404 449/255/406 450/256/407
f 454/253/411 452/255/409 451/256/408
f 453/254/410 454/253/411 451/256/408
f 460/247/417 458/249/415 455/252/412 457/250/414
f 456/251/413 457/250/414 454/253/411 453/254/410
f 459/248/416 460/247/417 457/250/414 456/251/413
f 457/250/414 455/252/412 452/255/409 454/253/411
f 463/244/420 461/246/418 458/249/415 460/247/417
f 462/245/419 463/244/420 460/247/417 459/248/416
f 467/240/424 470/239/427 461/246/418 463/244/420
f 464/242/421 467/240/424 463/244/420 462/245/419
f 469/236/426 468/241/425 465/243/422 466/237/423
f 468/241/425 469/236/426 467/240/424 464/242/421
f 469/236/426 472/235/429 470/239/427 467/240/424
f 472/235/429 469/236/426 466/237/423 471/238/428
o Cylinder.013
v 7.193711 0.013427 1.671753
v 7.196601 0.013481 1.670618
v 7.193852 0.012427 1.674689
v 7.197806 0.076467 1.690096
v 7.198940 0.076902 1.689575
v 7.198040 0.076122 1.691350
v 7.199317 0.076344 1.691603
v 7.199873 0.076826 1.690506
v 7.196829 0.011863 1.675369
v 7.198528 0.012515 1.672853
v 7.241908 0.086799 1.666762
v 7.237784 0.105074 1.621230
v 7.290969 0.088645 1.663060
v 7.264453 0.100111 1.643293
v 7.286846 0.106920 1.617528
v 7.191023 0.039043 1.598618
v 7.195021 0.038820 1.597088
v 7.191090 0.037720 1.602695
v 7.196544 0.090911 1.616080
v 7.202401 0.125879 1.622600
v 7.196591 0.089968 1.618985
v 7.199393 0.090752 1.614989
v 7.204009 0.126359 1.621886
v 7.201201 0.089711 1.617221
v 7.197558 0.037360 1.600219
v 7.205276 0.126188 1.623186
v 7.199470 0.089227 1.619690
v 7.195128 0.036680 1.603684
v 7.204452 0.125603 1.624703
v 7.202675 0.125412 1.624341
v 7.211001 0.112844 1.651872
v 7.173657 0.115793 1.627100
v 7.235109 0.128584 1.617404
v 7.203763 0.125888 1.623343
v 7.197764 0.131532 1.592631
v 7.250230 0.050773 1.568924
v 7.252105 0.049639 1.572008
v 7.246527 0.050594 1.569675
v 7.250478 0.084643 1.579499
v 7.254615 0.127466 1.591778
v 7.247838 0.084516 1.580034
v 7.251814 0.083836 1.581697
v 7.255597 0.127466 1.593053
v 7.250000 0.083209 1.583591
v 7.249560 0.048760 1.574666
v 7.254688 0.127434 1.594381
v 7.247543 0.083630 1.582563
v 7.246113 0.049350 1.573224
v 7.253144 0.127416 1.593927
v 7.253099 0.127436 1.592318
v 7.222213 0.121534 1.606371
v 7.240901 0.124386 1.560909
v 7.267665 0.123605 1.625185
v 7.254229 0.127443 1.593092
v 7.286353 0.126458 1.579724
v 7.205146 0.066785 1.712191
v 7.176432 0.067382 1.693593
v 7.222405 0.080421 1.685982
v 7.198795 0.076532 1.690626
v 7.193691 0.081018 1.667384
v 7.144128 0.027093 1.636374
v 7.147834 0.027611 1.635820
v 7.143642 0.025800 1.639896
v 7.141553 0.060231 1.648195
v 7.125976 0.102707 1.659355
v 7.141207 0.059310 1.650705
v 7.144194 0.060601 1.647800
v 7.127320 0.103553 1.659100
v 7.145481 0.059908 1.650066
v 7.149639 0.026639 1.638999
v 7.128123 0.103645 1.660491
v 7.143634 0.059110 1.651862
v 7.147048 0.025520 1.641519
v 7.127275 0.102854 1.661607
v 7.125947 0.102274 1.660905
v 7.130208 0.091408 1.688476
v 7.102111 0.085722 1.656659
v 7.155110 0.114477 1.662364
v 7.126928 0.103007 1.660292
v 7.127013 0.108791 1.630546
v 7.171424 0.058070 1.549464
v 7.174055 0.057734 1.550242
v 7.169807 0.057358 1.551589
v 7.164860 0.116181 1.567833
v 7.165984 0.116408 1.568092
v 7.164299 0.115931 1.568836
v 7.165077 0.116003 1.569714
v 7.166118 0.116299 1.569255
v 7.171438 0.056581 1.553680
v 7.174063 0.056813 1.552848
v 7.155148 0.107241 1.590604
v 7.143566 0.110170 1.556676
v 7.188092 0.117282 1.580225
v 7.165267 0.116164 1.568746
v 7.176510 0.120211 1.546297
v 7.280740 0.068213 1.752823
v 7.245986 0.066540 1.728849
v 7.301537 0.087242 1.721345
v 7.272721 0.080007 1.726144
v 7.266782 0.085568 1.697372
v 7.265449 0.070273 1.508097
v 7.267191 0.070383 1.506133
v 7.266667 0.069298 1.510210
v 7.276618 0.122729 1.522952
v 7.277279 0.123124 1.522142
v 7.277270 0.122383 1.523791
v 7.278334 0.122564 1.523500
v 7.278339 0.123023 1.522481
v 7.269163 0.068805 1.509552
v 7.269486 0.069475 1.507033
v 7.292802 0.112331 1.538945
v 7.258820 0.113758 1.535497
v 7.296525 0.127407 1.508488
v 7.277568 0.122764 1.522973
v 7.262543 0.128834 1.505040
v 7.239769 0.016347 1.665686
v 7.241238 0.016959 1.663855
v 7.241151 0.015654 1.667555
v 7.237891 0.064932 1.682275
v 7.238363 0.065483 1.681542
v 7.238580 0.064733 1.683017
v 7.239477 0.065162 1.682742
v 7.239343 0.065625 1.681830
v 7.243473 0.015838 1.666879
v 7.243526 0.016645 1.664593
v 7.255265 0.058644 1.696130
v 7.224500 0.052077 1.693594
v 7.254111 0.074562 1.668902
v 7.238731 0.065187 1.682281
v 7.223347 0.067995 1.666366
v 7.262084 0.033684 1.616511
v 7.264195 0.100564 1.642027
v 7.265508 0.033077 1.618003
v 7.265652 0.100306 1.642662
v 7.265037 0.031836 1.621546
v 7.265451 0.099778 1.644169
v 7.261322 0.031677 1.622244
v 7.263871 0.099710 1.644466
v 7.259498 0.032818 1.619133
v 7.263095 0.100196 1.643142
v 7.273304 0.003281 1.701828
v 7.276845 0.003650 1.700550
v 7.273473 0.002019 1.705391
v 7.272709 0.036626 1.713949
v 7.271545 0.079844 1.725462
v 7.272829 0.035726 1.716488
v 7.275233 0.036888 1.713037
v 7.272896 0.080492 1.724876
v 7.276913 0.036151 1.715013
v 7.279203 0.002615 1.703322
v 7.274005 0.080470 1.726042
v 7.275427 0.035433 1.717145
v 7.277119 0.001607 1.706314
v 7.273339 0.079809 1.727349
v 7.271819 0.079422 1.726991
vn -0.1063 -0.9428 -0.3159
vn -0.3943 0.2784 -0.8758
vn -0.9942 0.0372 0.1006
vn -0.2203 0.9294 0.2962
vn -0.2263 -0.2311 0.9463
vn 0.8591 -0.1540 0.4880
vn 0.7581 0.1594 -0.6323
vn -0.1441 0.9138 0.3798
vn 0.0048 0.8678 0.4969
vn -0.0184 0.9705 0.2405
vn 0.1320 0.9240 0.3589
vn -0.3208 0.3327 -0.8868
vn -0.1679 -0.9385 -0.3019
vn -0.9948 0.0906 0.0456
vn -0.9826 0.1476 0.1127
vn -0.3795 0.2268 -0.8969
vn 0.7996 0.1344 -0.5852
vn 0.7580 0.0249 -0.6517
vn 0.8176 -0.2285 0.5285
vn 0.8493 -0.1803 0.4961
vn -0.2918 -0.2566 0.9214
vn -0.2338 -0.1035 0.9667
vn -0.1587 0.9470 0.2793
vn -0.2322 0.8610 0.4526
vn 0.0005 0.9095 0.4157
vn -0.2841 0.9316 0.2267
vn -0.0484 0.9807 0.1897
vn 0.8682 0.1421 -0.4755
vn -0.0221 -0.9427 -0.3330
vn -0.2037 0.2931 -0.9341
vn -0.2501 0.2919 -0.9232
vn 0.8372 0.0715 -0.5422
vn 0.7395 -0.1777 0.6493
vn 0.7664 -0.2255 0.6015
vn -0.4084 -0.2240 0.8849
vn -0.3577 -0.1884 0.9146
vn -0.9935 0.0667 -0.0926
vn -0.9907 0.1325 -0.0308
vn -0.0158 0.9998 0.0128
vn -0.1877 0.9821 -0.0155
vn -0.1127 0.9799 0.1644
vn -0.0075 0.9958 -0.0915
vn 0.0681 0.9936 0.0903
vn -0.2824 0.8402 0.4629
vn -0.0647 0.9021 0.4267
vn -0.3382 0.9074 0.2494
vn -0.1179 0.9699 0.2131
vn -0.1836 0.3176 -0.9303
vn 0.0816 -0.9392 -0.3335
vn -0.9890 -0.0249 -0.1455
vn -0.9383 -0.2927 -0.1840
vn -0.2100 0.1732 -0.9622
vn 0.8730 0.2487 -0.4196
vn 0.8156 0.4214 -0.3965
vn 0.7203 -0.1362 0.6802
vn 0.6999 0.1070 0.7061
vn -0.4299 -0.3053 0.8497
vn -0.3896 -0.3390 0.8563
vn -0.4880 0.8430 0.2263
vn -0.5670 0.7364 0.3691
vn -0.3716 0.8425 0.3900
vn -0.5798 0.8001 0.1539
vn -0.3822 0.9073 0.1754
vn 0.2612 0.3156 -0.9122
vn -0.8296 0.0827 -0.5522
vn -0.2228 0.9678 0.1171
vn -0.7810 -0.2410 0.5761
vn 0.3515 -0.2068 0.9131
vn 0.9909 0.1345 -0.0007
vn -0.3639 0.9091 0.2027
vn -0.1932 0.9364 0.2929
vn -0.2823 0.9588 0.0315
vn -0.1100 0.9863 0.1227
vn -0.3601 0.8084 0.4656
vn -0.1499 0.8868 0.4371
vn -0.4144 0.8738 0.2544
vn -0.2017 0.9531 0.2258
vn -0.2565 -0.9254 -0.2791
vn -0.7437 0.3221 -0.5857
vn -0.8390 0.0267 0.5434
vn -0.0436 0.9113 0.4094
vn 0.2240 -0.2818 0.9330
vn 0.9839 -0.1750 0.0357
vn 0.3910 0.1964 -0.8992
vn -0.0222 0.8271 0.5615
vn 0.1297 0.8822 0.4526
vn -0.1457 0.8936 0.4245
vn 0.0079 0.9492 0.3146
vn -0.8203 0.1542 -0.5507
vn -0.7996 -0.2198 0.5588
vn -0.2600 0.8449 0.4675
vn 0.3193 -0.2680 0.9090
vn 0.9967 0.0806 0.0070
vn 0.2980 0.3409 -0.8916
vn -0.2129 0.7605 0.6135
vn -0.0836 0.8587 0.5056
vn -0.3537 0.8009 0.4832
vn -0.2230 0.9001 0.3743
vn 0.4253 0.3109 -0.8500
vn 0.9922 -0.0448 0.1163
vn 0.1885 -0.3113 0.9314
vn 0.0221 0.9427 0.3330
vn -0.8750 -0.1204 0.4690
vn -0.7286 0.2641 -0.6319
vn -0.3512 0.3143 -0.8820
vn -0.9989 -0.0310 0.0363
vn -0.9956 -0.0456 0.0816
vn -0.3966 0.2235 -0.8904
vn 0.7816 0.2523 -0.5705
vn 0.7560 0.2066 -0.6211
vn 0.8336 -0.1302 0.5369
vn 0.8584 -0.0732 0.5077
vn -0.2660 -0.3060 0.9141
vn -0.2281 -0.2304 0.9460
vn -0.3017 0.9038 0.3036
vt 0.679464 0.951631
vt 0.699464 0.958129
vt 0.699464 0.979159
vt 0.679464 0.985657
vt 0.667103 0.968644
vt 0.277121 0.101644
vt 0.277121 0.442670
vt 0.266251 0.442670
vt 0.266251 0.101644
vt 0.287992 0.101644
vt 0.287992 0.442670
vt 0.690166 0.964171
vt 0.690166 0.973116
vt 0.681659 0.975881
vt 0.676401 0.968644
vt 0.681659 0.961407
vt 0.298863 0.101644
vt 0.298863 0.442670
vt 0.309734 0.101644
vt 0.309733 0.442670
vt 0.255380 0.442670
vt 0.255380 0.101644
vt 0.821443 0.017421
vt 0.983641 0.017422
vt 0.902021 0.098943
vt 0.983646 0.179619
vt 0.821443 0.179625
vt 0.288238 0.101945
vt 0.288238 0.251661
vt 0.276875 0.251661
vt 0.276875 0.101945
vt 0.700211 0.968644
vt 0.687280 0.986443
vt 0.666356 0.979644
vt 0.666356 0.957644
vt 0.687280 0.950845
vt 0.299601 0.101945
vt 0.299601 0.251661
vt 0.299601 0.442369
vt 0.288238 0.442369
vt 0.276875 0.442369
vt 0.265513 0.251661
vt 0.265513 0.101945
vt 0.265513 0.442369
vt 0.254150 0.251661
vt 0.254150 0.101945
vt 0.254150 0.442369
vt 0.310963 0.101945
vt 0.310963 0.251661
vt 0.310963 0.442369
vt 0.681584 0.976215
vt 0.676083 0.968644
vt 0.681583 0.961074
vt 0.690484 0.963965
vt 0.690484 0.973323
vt 0.263252 0.101245
vt 0.263252 0.443069
vt 0.250382 0.443069
vt 0.250382 0.101245
vt 0.314731 0.101245
vt 0.314731 0.443069
vt 0.301861 0.443069
vt 0.301861 0.101245
vt 0.288991 0.443069
vt 0.288991 0.101245
vt 0.685207 0.960076
vt 0.691432 0.968644
vt 0.685207 0.977212
vt 0.675135 0.973939
vt 0.675135 0.963349
vt 0.276122 0.443069
vt 0.276122 0.101245
vt 0.702440 0.968644
vt 0.687806 0.988786
vt 0.664127 0.981093
vt 0.664127 0.956195
vt 0.687806 0.948502
vt 0.288702 0.100765
vt 0.288702 0.250481
vt 0.277339 0.250481
vt 0.277339 0.100765
vt 0.300065 0.100765
vt 0.300065 0.250481
vt 0.300065 0.441189
vt 0.288702 0.441189
vt 0.277339 0.441189
vt 0.265977 0.250481
vt 0.265977 0.100765
vt 0.265977 0.441189
vt 0.254614 0.250481
vt 0.254614 0.100765
vt 0.254614 0.441189
vt 0.311427 0.100765
vt 0.311427 0.250481
vt 0.311427 0.441189
s 0
usemtl Flowers
f 473/257/430 474/258/430 482/259/430 481/260/430 475/261/430
f 473/262/431 476/263/431 477/264/431 474/265/431
f 475/266/432 478/267/432 476/263/432 473/262/432
f 477/268/433 476/269/433 478/270/433 479/271/433 480/272/433
f 481/273/434 479/274/434 478/267/434 475/266/434
f 482/275/435 480/276/435 479/274/435 481/273/435
f 474/265/436 477/264/436 480/277/436 482/278/436
f 484/279/437 483/280/437 486/281/437
f 483/280/438 485/282/438 486/281/438
f 487/283/439 484/279/439 486/281/439
f 485/282/440 487/283/440 486/281/440
f 488/284/441 491/285/441 494/286/441 489/287/441
f 488/288/442 489/289/442 497/290/442 500/291/442 490/292/442
f 490/293/443 493/294/443 491/285/443 488/284/443
f 493/294/444 502/295/444 492/296/444 491/285/444
f 491/285/445 492/296/445 495/297/445 494/286/445
f 489/287/446 494/286/446 496/298/446 497/299/446
f 494/286/447 495/297/447 498/300/447 496/298/447
f 497/299/448 496/298/448 499/301/448 500/302/448
f 496/298/449 498/300/449 501/303/449 499/301/449
f 500/304/450 499/305/450 493/294/450 490/293/450
f 499/305/451 501/306/451 502/295/451 493/294/451
f 495/307/452 492/308/452 502/309/452 501/310/452 498/311/452
f 504/279/453 503/280/453 506/281/453
f 503/280/454 505/282/454 506/281/454
f 507/283/455 504/279/455 506/281/455
f 505/282/456 507/283/456 506/281/456
f 508/284/457 511/285/457 514/286/457 509/287/457
f 508/288/458 509/289/458 517/290/458 520/291/458 510/292/458
f 510/293/459 513/294/459 511/285/459 508/284/459
f 513/294/460 522/295/460 512/296/460 511/285/460
f 511/285/461 512/296/461 515/297/461 514/286/461
f 509/287/462 514/286/462 516/298/462 517/299/462
f 514/286/463 515/297/463 518/300/463 516/298/463
f 517/299/464 516/298/464 519/301/464 520/302/464
f 516/298/465 518/300/465 521/303/465 519/301/465
f 520/304/466 519/305/466 513/294/466 510/293/466
f 519/305/467 521/306/467 522/295/467 513/294/467
f 515/307/468 512/308/468 522/309/468 521/310/468 518/311/468
f 524/279/469 523/280/469 526/281/469
f 523/280/470 525/282/470 526/281/470
f 527/283/471 524/279/471 526/281/471
f 525/282/472 527/283/472 526/281/472
f 529/279/473 528/280/473 531/281/473
f 528/280/474 530/282/474 531/281/474
f 532/283/475 529/279/475 531/281/475
f 530/282/476 532/283/476 531/281/476
f 533/284/477 536/285/477 539/286/477 534/287/477
f 533/288/478 534/289/478 542/290/478 545/291/478 535/292/478
f 535/293/479 538/294/479 536/285/479 533/284/479
f 538/294/480 547/295/480 537/296/480 536/285/480
f 536/285/481 537/296/481 540/297/481 539/286/481
f 534/287/482 539/286/482 541/298/482 542/299/482
f 539/286/483 540/297/483 543/300/483 541/298/483
f 542/299/484 541/298/484 544/301/484 545/302/484
f 541/298/485 543/300/485 546/303/485 544/301/485
f 545/304/486 544/305/486 538/294/486 535/293/486
f 544/305/487 546/306/487 547/295/487 538/294/487
f 540/307/488 537/308/488 547/309/488 546/310/488 543/311/488
f 549/279/489 548/280/489 551/281/489
f 548/280/490 550/282/490 551/281/490
f 552/283/491 549/279/491 551/281/491
f 550/282/492 552/283/492 551/281/492
f 553/257/458 554/258/458 562/259/458 561/260/458 555/261/458
f 553/262/493 556/263/493 557/264/493 554/265/493
f 555/266/494 558/267/494 556/263/494 553/262/494
f 557/268/495 556/269/495 558/270/495 559/271/495 560/272/495
f 561/273/496 559/274/496 558/267/496 555/266/496
f 562/275/497 560/276/497 559/274/497 561/273/497
f 554/265/498 557/264/498 560/277/498 562/278/498
f 564/279/499 563/280/499 566/281/499
f 563/280/500 565/282/500 566/281/500
f 567/283/501 564/279/501 566/281/501
f 565/282/502 567/283/502 566/281/502
f 569/279/503 568/280/503 571/281/503
f 568/280/504 570/282/504 571/281/504
f 572/283/505 569/279/505 571/281/505
f 570/282/506 572/283/506 571/281/506
f 573/257/507 574/258/507 582/259/507 581/260/507 575/261/507
f 573/262/508 576/263/508 577/264/508 574/265/508
f 575/266/509 578/267/509 576/263/509 573/262/509
f 577/268/510 576/269/510 578/270/510 579/271/510 580/272/510
f 581/273/511 579/274/511 578/267/511 575/266/511
f 582/275/512 580/276/512 579/274/512 581/273/512
f 574/265/513 577/264/513 580/277/513 582/278/513
f 584/279/514 583/280/514 586/281/514
f 583/280/515 585/282/515 586/281/515
f 587/283/516 584/279/516 586/281/516
f 585/282/517 587/283/517 586/281/517
f 588/257/458 589/258/458 597/259/458 596/260/458 590/261/458
f 588/262/518 591/263/518 592/264/518 589/265/518
f 590/266/519 593/267/519 591/263/519 588/262/519
f 592/268/520 591/269/520 593/270/520 594/271/520 595/272/520
f 596/273/521 594/274/521 593/267/521 590/266/521
f 597/275/522 595/276/522 594/274/522 596/273/522
f 589/265/523 592/264/523 595/277/523 597/278/523
f 599/279/524 598/280/524 601/281/524
f 598/280/525 600/282/525 601/281/525
f 602/283/526 599/279/526 601/281/526
f 600/282/527 602/283/527 601/281/527
f 603/312/528 604/313/528 606/314/528 605/315/528
f 605/316/529 606/317/529 608/318/529 607/319/529
f 607/319/530 608/318/530 610/320/530 609/321/530
f 606/322/531 604/323/531 612/324/531 610/325/531 608/326/531
f 609/321/532 610/320/532 612/327/532 611/328/532
f 611/328/533 612/327/533 604/313/533 603/312/533
f 603/329/458 605/330/458 607/331/458 609/332/458 611/333/458
f 613/334/534 616/335/534 619/336/534 614/337/534
f 613/288/458 614/289/458 622/290/458 625/291/458 615/292/458
f 615/338/535 618/339/535 616/335/535 613/334/535
f 618/339/536 627/340/536 617/341/536 616/335/536
f 616/335/537 617/341/537 620/342/537 619/336/537
f 614/337/538 619/336/538 621/343/538 622/344/538
f 619/336/539 620/342/539 623/345/539 621/343/539
f 622/344/540 621/343/540 624/346/540 625/347/540
f 621/343/541 623/345/541 626/348/541 624/346/541
f 625/349/542 624/350/542 618/339/542 615/338/542
f 624/350/543 626/351/543 627/340/543 618/339/543
f 620/307/544 617/308/544 627/309/544 626/310/544 623/311/544
o Flower4.001
v 7.720856 0.031331 1.222605
v 7.722880 0.075421 1.216760
v 7.720425 0.031826 1.216076
v 7.722596 0.076418 1.212700
v 7.728513 0.030916 1.218771
v 7.727036 0.076372 1.215712
v 7.724206 0.030954 1.223721
v 7.724790 0.075508 1.217970
v 7.726947 0.031277 1.215604
v 7.726177 0.076797 1.213502
v 7.723597 0.031654 1.214488
v 7.724292 0.076776 1.212278
v 7.719266 0.031694 1.219453
v 7.722026 0.075860 1.214550
v 7.727377 0.030782 1.222133
v 7.726482 0.075875 1.217553
v 7.705074 0.124585 1.235677
v 7.705264 0.125680 1.232380
v 7.709304 0.126326 1.234472
v 7.706745 0.124825 1.236543
v 7.708667 0.126665 1.232761
v 7.706973 0.126382 1.231906
v 7.704527 0.124972 1.233914
v 7.708521 0.125563 1.236031
v 7.680742 0.148286 1.250109
v 7.680779 0.149317 1.247522
v 7.683850 0.149945 1.249311
v 7.682014 0.148546 1.250850
v 7.683339 0.150264 1.247933
v 7.682067 0.150004 1.247192
v 7.680231 0.148605 1.248731
v 7.683301 0.149233 1.250520
v 7.696472 0.060350 1.233312
v 7.708283 0.059126 1.242114
v 7.717593 0.038477 1.213317
v 7.669084 0.073757 1.262302
v 7.652553 0.075014 1.286366
v 7.680501 0.075511 1.278360
v 7.691705 0.078319 1.294774
v 7.665517 0.074499 1.293109
v 7.673748 0.079838 1.308463
v 7.639472 0.071466 1.328465
v 7.649879 0.075729 1.331582
v 7.637673 0.074012 1.313440
v 7.720720 0.059566 1.249601
v 7.729275 0.038273 1.221109
v 7.722001 0.035211 1.220652
v 7.745926 0.054874 1.221400
v 7.740643 0.054575 1.210185
v 7.724856 0.031527 1.226195
v 7.794446 0.089076 1.195699
v 7.834535 0.100664 1.164888
v 7.786702 0.089233 1.180871
v 7.778778 0.089370 1.166171
v 7.827958 0.100787 1.152465
v 7.821359 0.100911 1.140057
v 7.851412 0.095089 1.134962
v 7.842405 0.096321 1.130474
v 7.850926 0.096161 1.146533
v 7.734427 0.055090 1.199729
v 7.719334 0.031630 1.215788
v 7.724698 0.029304 1.218868
v 7.737065 0.051431 1.203752
v 7.726409 0.051372 1.201513
v 7.728685 0.031954 1.221933
v 7.745612 0.079077 1.154882
v 7.745554 0.087267 1.110082
v 7.731137 0.079518 1.152431
v 7.716655 0.079951 1.150174
v 7.733378 0.087634 1.108091
v 7.721203 0.088002 1.106123
v 7.733399 0.081487 1.082646
v 7.725521 0.082968 1.086514
v 7.741269 0.082493 1.089075
v 7.715814 0.052072 1.200297
v 7.718479 0.032262 1.220274
v 7.723416 0.029986 1.218247
v 7.737337 0.041648 1.213956
v 7.731194 0.041501 1.209548
v 7.725540 0.032178 1.223207
v 7.757077 0.053882 1.190057
v 7.769797 0.059572 1.163772
v 7.748559 0.054474 1.184515
v 7.740214 0.054780 1.178401
v 7.762682 0.060325 1.158929
v 7.755769 0.060280 1.153512
v 7.770006 0.054098 1.142131
v 7.763994 0.055583 1.142193
v 7.773016 0.055588 1.148954
v 7.724948 0.042088 1.205450
v 7.719607 0.032395 1.219072
v 7.723042 0.030343 1.219728
v 7.725187 0.039191 1.235294
v 7.731090 0.038657 1.230598
v 7.718256 0.032834 1.220262
v 7.744085 0.044584 1.262208
v 7.766130 0.043690 1.282165
v 7.751871 0.044736 1.255651
v 7.760097 0.044479 1.249375
v 7.772881 0.044027 1.276782
v 7.779973 0.043450 1.271635
v 7.785497 0.033904 1.287408
v 7.787436 0.035866 1.281864
v 7.778459 0.036503 1.288656
v 7.736858 0.038912 1.225822
v 7.723905 0.032693 1.215743
v 7.721939 0.030540 1.218559
v 7.707725 0.045009 1.207150
v 7.706163 0.043111 1.216895
v 7.726393 0.032172 1.213636
v 7.666758 0.060414 1.200378
v 7.627606 0.065725 1.201826
v 7.665215 0.058915 1.213734
v 7.662908 0.056979 1.227155
v 7.626044 0.064779 1.213163
v 7.623738 0.062727 1.224419
v 7.602202 0.055129 1.212896
v 7.605750 0.056105 1.220258
v 7.608398 0.058662 1.205734
v 7.704979 0.042207 1.226742
v 7.725004 0.030828 1.223055
v 7.723883 0.028806 1.218189
v 7.735830 0.058298 1.237594
v 7.740652 0.058108 1.227121
v 7.719234 0.036764 1.224926
v 7.783988 0.090333 1.257619
v 7.830164 0.099603 1.267980
v 7.789924 0.090652 1.243248
v 7.795659 0.090958 1.228824
v 7.835084 0.099865 1.255875
v 7.839980 0.100128 1.243764
v 7.861409 0.093698 1.261979
v 7.859255 0.095115 1.252913
v 7.852908 0.094775 1.268574
v 7.744396 0.058771 1.216461
v 7.723347 0.036984 1.214777
v 7.724299 0.034663 1.220385
v 7.723505 0.031693 1.216440
v 7.732186 0.091666 1.217052
v 7.725783 0.031927 1.218381
v 7.720508 0.031667 1.216650
v 7.718535 0.031865 1.218907
v 7.730318 0.091890 1.216704
v 7.729162 0.092369 1.217545
v 7.753898 0.128453 1.185369
v 7.754530 0.128042 1.186144
v 7.753130 0.129217 1.185338
v 7.752677 0.129886 1.186070
v 7.752804 0.130068 1.187136
v 7.729362 0.092887 1.219131
v 7.718741 0.032171 1.221888
v 7.730773 0.093218 1.220562
v 7.721006 0.032406 1.223848
v 7.732633 0.093052 1.220924
v 7.733789 0.092580 1.220078
v 7.724002 0.032432 1.223638
v 7.753437 0.129656 1.187912
v 7.754204 0.128892 1.187943
v 7.754657 0.128224 1.187211
v 7.733595 0.092009 1.218484
v 7.725976 0.032234 1.221381
v 7.724921 0.032157 1.220602
v 7.726285 0.081368 1.227898
v 7.722750 0.032532 1.221708
v 7.725719 0.032104 1.218268
v 7.724668 0.032408 1.216057
v 7.727161 0.081495 1.226599
v 7.726935 0.081934 1.225464
v 7.746005 0.109355 1.255019
v 7.745187 0.109088 1.255242
v 7.746332 0.109965 1.254460
v 7.745977 0.110561 1.253894
v 7.745148 0.110793 1.253651
v 7.725718 0.082482 1.225115
v 7.722382 0.032890 1.215264
v 7.724214 0.082884 1.225730
v 7.720201 0.033268 1.216354
v 7.723334 0.082806 1.227018
v 7.723565 0.082373 1.228156
v 7.719402 0.033321 1.218687
v 7.744330 0.110526 1.253875
v 7.744003 0.109916 1.254434
v 7.744358 0.109321 1.255000
v 7.724782 0.081781 1.228510
v 7.720454 0.033017 1.220898
v 7.722600 0.050359 1.198336
v 7.713036 0.049210 1.205266
v 7.729584 0.030395 1.216415
v 7.697992 0.080037 1.163006
v 7.665700 0.098115 1.134550
v 7.685667 0.079536 1.173156
v 7.671063 0.078687 1.183766
v 7.655115 0.098138 1.143023
v 7.642946 0.097058 1.151154
v 7.633004 0.094404 1.122541
v 7.629616 0.094912 1.133741
v 7.644783 0.096144 1.121751
v 7.703965 0.049084 1.212745
v 7.720568 0.029806 1.223290
v 7.722990 0.027576 1.217847
v 7.713456 0.046512 1.204229
v 7.712334 0.045346 1.219051
v 7.734653 0.019944 1.212418
v 7.662385 0.087512 1.198947
v 7.610705 0.114119 1.206807
v 7.662200 0.087166 1.219014
v 7.660597 0.086519 1.241654
v 7.610352 0.114404 1.223837
v 7.608300 0.113440 1.242136
v 7.572551 0.112491 1.228689
v 7.580647 0.112714 1.240975
v 7.581411 0.113881 1.216672
v 7.712229 0.045395 1.233825
v 7.733968 0.019445 1.226658
v 7.730477 0.016796 1.219974
v 7.710189 0.043590 1.233996
v 7.724422 0.045482 1.229976
v 7.715910 0.018416 1.210421
v 7.710518 0.081346 1.277323
v 7.725051 0.099088 1.314473
v 7.729084 0.085063 1.270666
v 7.750556 0.089059 1.264459
v 7.741627 0.101562 1.311417
v 7.759877 0.102310 1.308888
v 7.762559 0.102367 1.353809
v 7.772221 0.105453 1.344418
v 7.748473 0.103407 1.349360
v 7.738018 0.048514 1.225056
v 7.729325 0.020826 1.206209
v 7.724906 0.017021 1.211675
v 7.682041 0.149275 1.249021
v 7.694157 0.199072 1.235852
v 7.725051 0.175696 1.264895
v 7.709102 0.140076 1.293552
v 7.662258 0.127832 1.293166
v 7.631364 0.151208 1.264123
v 7.647313 0.186828 1.235466
v 7.682450 0.147761 1.247367
v 7.689993 0.178463 1.239056
v 7.709128 0.163984 1.257045
v 7.699249 0.141922 1.274795
v 7.670235 0.134339 1.274556
v 7.651100 0.148817 1.256567
v 7.660978 0.170880 1.238817
v 7.753935 0.129390 1.185860
v 7.752298 0.121775 1.157238
v 7.775053 0.115279 1.170535
v 7.782971 0.130034 1.191897
v 7.768136 0.151286 1.199962
v 7.745382 0.157782 1.186665
v 7.737463 0.143027 1.165303
v 7.753264 0.128627 1.186636
v 7.752188 0.123840 1.168980
v 7.766282 0.119816 1.177216
v 7.771186 0.128955 1.190447
v 7.761998 0.142118 1.195442
v 7.747904 0.146142 1.187206
v 7.742999 0.137003 1.173975
v 7.745853 0.110344 1.254982
v 7.777774 0.118273 1.245986
v 7.774163 0.098397 1.269766
v 7.748313 0.099468 1.287206
v 7.726074 0.120415 1.280867
v 7.729685 0.140291 1.257088
v 7.755535 0.139220 1.239647
v 7.745205 0.109382 1.254080
v 7.764916 0.114204 1.248424
v 7.762680 0.101893 1.263153
v 7.746668 0.102557 1.273955
v 7.732893 0.115531 1.270029
v 7.735130 0.127842 1.255300
v 7.751142 0.127179 1.244498
vn -0.8262 -0.5622 0.0370
vn -0.9905 -0.1186 -0.0693
vn -0.6521 0.0303 -0.7575
vn -0.6031 -0.5957 -0.5305
vn -0.0599 -0.6105 0.7897
vn -0.0012 -0.1144 0.9934
vn -0.7398 -0.1675 0.6517
vn -0.6035 -0.5711 0.5565
vn 0.5133 -0.6357 -0.5766
vn 0.7114 0.2284 -0.6646
vn 0.9850 0.1695 -0.0334
vn 0.7583 -0.6490 -0.0620
vn 0.7477 0.0383 0.6629
vn 0.6512 0.0840 0.7543
vn 0.0355 -0.3941 0.9184
vn 0.5402 -0.6516 0.5325
vn -0.0302 -0.6207 -0.7834
vn 0.0698 0.1803 -0.9811
vn 0.1790 0.5412 0.8216
vn -0.2821 0.1621 0.9456
vn 0.6191 0.6221 -0.4793
vn 0.8650 0.4777 0.1535
vn -0.5957 -0.6325 0.4950
vn 0.0393 0.4719 -0.8808
vn -0.8642 -0.4618 -0.1998
vn -0.6128 0.0161 -0.7901
vn -0.7923 0.4676 -0.3920
vn -0.9909 0.1201 0.0606
vn -0.7861 -0.0053 0.6181
vn 0.3180 0.8713 0.3737
vn 0.1286 0.9835 -0.1270
vn -0.3064 0.8321 -0.4623
vn 0.3862 0.8739 -0.2952
vn 0.2770 0.8775 -0.3916
vn 0.3528 0.7823 -0.5134
vn 0.5605 0.7481 -0.3552
vn 0.1287 0.9798 -0.1532
vn 0.0611 0.9811 -0.1838
vn 0.0176 0.9990 0.0403
vn -0.0942 0.9934 -0.0654
vn -0.0093 0.9748 -0.2229
vn 0.1474 0.8754 -0.4605
vn -0.2396 0.9567 -0.1655
vn -0.1822 0.9813 -0.0624
vn -0.3216 0.9331 -0.1606
vn 0.0566 0.9932 0.1013
vn 0.1208 0.7622 -0.6359
vn -0.6283 0.7535 0.1935
vn -0.5707 0.7576 0.3166
vn -0.6677 0.6460 0.3700
vn -0.7686 0.6241 0.1407
vn -0.3507 0.9190 0.1801
vn -0.3344 0.9236 0.1873
vn -0.0427 0.9986 0.0323
vn -0.0096 0.9998 0.0151
vn -0.3203 0.9275 0.1928
vn -0.4930 0.7629 0.4184
vn -0.0096 0.9998 0.0153
vn 0.1759 0.9808 -0.0836
vn 0.1759 0.9809 -0.0837
vn 0.1760 0.9808 -0.0835
vn -0.5224 0.6265 0.5785
vn -0.2031 0.7864 0.5834
vn -0.0701 0.7880 0.6117
vn -0.0892 0.6818 0.7261
vn -0.3335 0.6644 0.6689
vn -0.0417 0.9370 0.3469
vn -0.0260 0.9407 0.3381
vn 0.0284 0.9996 0.0090
vn 0.0347 0.9990 -0.0279
vn -0.0130 0.9439 0.3300
vn 0.0581 0.7895 0.6109
vn 0.0349 0.9990 -0.0277
vn 0.0673 0.9699 -0.2342
vn 0.0672 0.9699 -0.2342
vn 0.0675 0.9698 -0.2342
vn 0.1641 0.6556 0.7371
vn -0.3329 0.8801 0.3384
vn -0.2498 0.8742 0.4165
vn -0.3013 0.8118 0.5002
vn -0.4946 0.7995 0.3409
vn -0.1219 0.9568 0.2641
vn -0.1319 0.9568 0.2590
vn 0.0606 0.9980 0.0158
vn 0.0640 0.9975 -0.0303
vn -0.1412 0.9590 0.2456
vn -0.1451 0.8681 0.4747
vn 0.0619 0.9964 -0.0571
vn 0.2077 0.9468 -0.2458
vn 0.2093 0.9450 -0.2514
vn 0.2054 0.9493 -0.2381
vn -0.0955 0.7750 0.6247
vn -0.0700 0.9554 -0.2869
vn -0.1686 0.9586 -0.2293
vn -0.2433 0.9193 -0.3095
vn -0.0395 0.8907 -0.4528
vn -0.0480 0.9973 -0.0552
vn -0.0402 0.9972 -0.0634
vn 0.1401 0.9715 0.1911
vn 0.1825 0.9613 0.2066
vn -0.0245 0.9974 -0.0683
vn -0.2548 0.9559 -0.1460
vn 0.2081 0.9549 0.2116
vn 0.3349 0.8558 0.3943
vn 0.3394 0.8527 0.3972
vn 0.3288 0.8599 0.3904
vn -0.4265 0.8917 -0.1517
vn 0.4041 0.8670 0.2914
vn 0.4368 0.8807 0.1829
vn 0.5380 0.8231 0.1819
vn 0.4830 0.7681 0.4204
vn 0.2392 0.9594 0.1493
vn 0.2391 0.9576 0.1605
vn -0.0664 0.9925 0.1024
vn -0.1090 0.9868 0.1194
vn 0.2312 0.9571 0.1748
vn 0.4423 0.8946 0.0639
vn -0.1319 0.9823 0.1327
vn -0.3629 0.9286 0.0775
vn -0.3686 0.9263 0.0781
vn -0.3552 0.9316 0.0766
vn 0.5589 0.8270 -0.0605
vn -0.5452 0.7637 -0.3457
vn -0.6031 0.7663 -0.2216
vn -0.7022 0.6624 -0.2610
vn -0.5909 0.6430 -0.4872
vn -0.3505 0.9265 -0.1371
vn -0.3451 0.9310 -0.1189
vn -0.0247 0.9996 0.0113
vn 0.0098 0.9996 0.0257
vn -0.3398 0.9348 -0.1036
vn -0.6319 0.7692 -0.0955
vn 0.0096 0.9996 0.0258
vn 0.2040 0.9735 0.1038
vn 0.2040 0.9735 0.1037
vn 0.2039 0.9735 0.1039
vn -0.7692 0.6388 -0.0149
vn 0.2800 -0.6771 -0.6806
vn 0.4518 -0.4182 -0.7880
vn 0.9305 -0.3236 -0.1715
vn 0.6773 -0.6785 -0.2844
vn -0.3087 -0.6495 -0.6949
vn -0.3486 -0.2330 -0.9078
vn 0.6851 -0.6561 0.3166
vn 0.2598 -0.5918 0.7631
vn -0.3208 -0.5424 0.7764
vn -0.7428 -0.5442 0.3900
vn -0.7647 -0.5992 -0.2370
vn -0.9053 0.1339 -0.4031
vn 0.3045 0.0948 -0.9478
vn 0.7644 -0.1498 -0.6271
vn -0.1458 0.6423 -0.7524
vn 0.8852 0.3714 0.2800
vn 0.9876 -0.0272 -0.1544
vn -0.2230 0.9539 -0.2008
vn 0.0230 0.9751 0.2205
vn 0.4517 0.7820 0.4294
vn -0.8852 0.3732 0.2779
vn -0.4363 0.4500 0.7792
vn 0.2531 0.3273 0.9104
vn 0.8412 0.0111 0.5405
vn 0.4513 -0.7321 0.5102
vn 0.5070 -0.4812 0.7151
vn -0.2355 -0.3203 0.9176
vn -0.0666 -0.6890 0.7217
vn 0.6963 -0.7173 -0.0259
vn 0.9459 -0.3234 0.0282
vn -0.6181 -0.6104 0.4952
vn -0.8556 -0.5129 -0.0691
vn -0.6372 -0.4736 -0.6080
vn -0.1189 -0.5195 -0.8461
vn 0.4590 -0.6333 -0.6231
vn 0.7344 0.0784 -0.6742
vn 0.7587 0.0117 0.6513
vn 0.2629 -0.1930 0.9453
vn 0.8062 0.5664 0.1709
vn -0.5666 0.4128 0.7131
vn -0.2457 -0.0226 0.9691
vn 0.3599 0.9266 -0.1092
vn -0.1199 0.9917 -0.0464
vn -0.4963 0.8272 0.2634
vn 0.1250 0.3805 -0.9163
vn -0.5021 0.5123 -0.6968
vn -0.9022 0.4156 -0.1154
vn -0.8219 0.0776 0.5643
vn 0.2792 0.7458 0.6049
vn 0.3782 0.7455 0.5488
vn 0.4376 0.6637 0.6067
vn 0.2257 0.6359 0.7380
vn 0.2796 0.8709 0.4042
vn 0.2712 0.8698 0.4121
vn 0.1036 0.9796 0.1721
vn 0.0613 0.9860 0.1553
vn 0.2551 0.8724 0.4170
vn 0.4635 0.7529 0.4672
vn 0.0352 0.9883 0.1482
vn -0.1013 0.9935 -0.0518
vn -0.1054 0.9929 -0.0554
vn -0.0957 0.9943 -0.0467
vn 0.6169 0.6507 0.4427
vn 0.6952 0.6999 0.1640
vn 0.7155 0.6966 0.0521
vn 0.7919 0.6090 0.0448
vn 0.7550 0.5871 0.2919
vn 0.5508 0.8340 0.0333
vn 0.5514 0.8330 0.0448
vn 0.2684 0.9631 0.0177
vn 0.2289 0.9726 0.0393
vn 0.5450 0.8363 0.0602
vn 0.7082 0.7030 -0.0658
vn 0.2070 0.9768 0.0547
vn -0.0330 0.9990 0.0310
vn -0.0385 0.9988 0.0318
vn -0.0255 0.9992 0.0299
vn 0.7801 0.5935 -0.1978
vn -0.2319 0.6677 -0.7074
vn -0.3385 0.6424 -0.6876
vn -0.3509 0.5742 -0.7397
vn -0.1070 0.6041 -0.7897
vn -0.2923 0.8267 -0.4807
vn -0.2799 0.8327 -0.4778
vn -0.1717 0.9621 -0.2117
vn -0.1468 0.9756 -0.1633
vn -0.2607 0.8483 -0.4609
vn -0.4456 0.6227 -0.6432
vn -0.1541 0.9797 -0.1279
vn -0.0989 0.9950 -0.0117
vn -0.1333 0.9911 0.0067
vn -0.0448 0.9982 -0.0404
vn -0.5666 0.5107 -0.6467
vn 0.1965 0.1389 0.9706
vn 0.6421 0.4305 0.6344
vn -0.3843 0.3454 0.8562
vn -0.4745 0.7770 0.4138
vn 0.0175 0.9956 0.0925
vn -0.5998 0.4804 0.6398
vn 0.4453 0.7276 0.5218
vn -0.5962 0.7988 0.0799
vn 0.6421 0.4304 0.6344
vn -0.0082 0.9893 0.1458
vn 0.1598 0.1858 0.9695
vn -0.4282 -0.0048 0.9036
vn 0.3931 0.7380 0.5485
vn -0.8296 0.2466 0.5009
vn 0.9218 0.3783 -0.0851
vn 0.8949 -0.1554 -0.4184
vn 0.5123 0.8150 -0.2709
vn 0.1056 0.6802 -0.7254
vn 0.1146 0.1106 -0.9872
vn 0.2168 0.8862 -0.4093
vn 0.7009 -0.0309 -0.7126
vn -0.2394 0.6004 -0.7631
vn 0.1448 0.1607 -0.9763
vn 0.9020 0.4117 -0.1302
vn 0.5178 0.8514 0.0832
vn 0.6947 0.0280 -0.7187
vn -0.0322 0.9841 -0.1744
vn 0.1721 0.1313 0.9763
vn 0.6672 -0.1670 0.7259
vn 0.0567 0.6916 0.7201
vn 0.4019 0.8846 0.2366
vn 0.8575 0.5142 0.0168
vn 0.0724 0.8894 0.4514
vn 0.8264 0.1217 0.5498
vn 0.3747 0.9198 -0.1166
vn 0.8363 0.5445 0.0634
vn 0.1935 0.1853 0.9634
vn -0.2682 0.5605 0.7835
vn 0.8071 0.1764 0.5634
vn -0.2391 0.9287 0.2834
vt 0.375104 0.847064
vt 0.263388 0.847064
vt 0.263388 0.841459
vt 0.375104 0.841459
vt 0.375104 0.858243
vt 0.263388 0.858243
vt 0.263388 0.852654
vt 0.375104 0.852654
vt 0.375104 0.875018
vt 0.263388 0.875018
vt 0.263388 0.869426
vt 0.375104 0.869426
vt 0.263388 0.863833
vt 0.151384 0.863833
vt 0.151384 0.858243
vt 0.375104 0.863833
vt 0.675725 0.964250
vt 0.680959 0.958933
vt 0.688469 0.958972
vt 0.693748 0.964250
vt 0.693748 0.971715
vt 0.688469 0.976994
vt 0.681004 0.976994
vt 0.675725 0.971715
vt 0.263388 0.835869
vt 0.375104 0.835869
vt 0.375104 0.880609
vt 0.263388 0.880609
vt 0.041435 0.863833
vt 0.041435 0.858243
vt 0.151384 0.875018
vt 0.151384 0.869426
vt 0.151384 0.852654
vt 0.151384 0.880609
vt 0.151384 0.847064
vt 0.151384 0.841458
vt 0.151384 0.835869
vt 0.680943 0.969567
vt 0.680943 0.966402
vt 0.683165 0.964151
vt 0.686308 0.964133
vt 0.688530 0.966360
vt 0.688530 0.969526
vt 0.686308 0.971776
vt 0.683165 0.971794
vt 0.041435 0.847064
vt 0.041435 0.841458
vt 0.041435 0.875018
vt 0.041435 0.869426
vt 0.041435 0.835869
vt 0.041435 0.852654
vt 0.041435 0.880609
vt 0.321355 0.961635
vt 0.318029 0.935568
vt 0.384461 0.927767
vt 0.386587 0.943532
vt 0.183812 0.979370
vt 0.178951 0.944847
vt 0.075426 0.976172
vt 0.071423 0.947050
vt 0.174434 0.910074
vt 0.314417 0.910074
vt 0.067469 0.917920
vt 0.009073 0.946241
vt 0.019116 0.927568
vt 0.024264 0.965241
vt 0.382808 0.914138
vt 0.041774 0.835453
vt 0.219490 0.835453
vt 0.219490 0.841393
vt 0.041774 0.841393
vt 0.041774 0.875211
vt 0.219490 0.875211
vt 0.219490 0.881025
vt 0.041774 0.881025
vt 0.694019 0.971789
vt 0.688627 0.977266
vt 0.680891 0.977226
vt 0.675454 0.971789
vt 0.675454 0.964099
vt 0.680891 0.958661
vt 0.688581 0.958661
vt 0.694019 0.964099
vt 0.041774 0.869790
vt 0.219490 0.869790
vt 0.374764 0.875211
vt 0.374764 0.881025
vt 0.374764 0.869790
vt 0.681393 0.969377
vt 0.681393 0.966586
vt 0.683352 0.964603
vt 0.686122 0.964588
vt 0.688080 0.966550
vt 0.688080 0.969341
vt 0.686121 0.971324
vt 0.683351 0.971340
vt 0.219490 0.864194
vt 0.374764 0.864194
vt 0.219490 0.858254
vt 0.374764 0.858254
vt 0.041774 0.864194
vt 0.041774 0.858254
vt 0.041774 0.852452
vt 0.219490 0.852452
vt 0.374764 0.852452
vt 0.219490 0.847029
vt 0.374764 0.847029
vt 0.041774 0.847029
vt 0.374764 0.841393
vt 0.374764 0.835453
vt 0.321355 0.961636
vt 0.384461 0.927767
vt 0.075426 0.976172
vt 0.071423 0.947050
vt 0.173919 0.906156
vt 0.314417 0.910074
vt 0.067181 0.916029
vt 0.020969 0.923559
vt 0.346683 0.811173
vt 0.301662 0.726386
vt 0.398503 0.729852
vt 0.256641 0.641600
vt 0.204820 0.722921
vt 0.352628 0.645035
vt 0.250695 0.807738
vt 0.743239 0.990416
vt 0.782798 0.923034
vt 0.821698 0.991601
vt 0.822357 0.855652
vt 0.743898 0.854467
vt 0.860932 0.923646
vt 0.704664 0.922422
s 1
usemtl Flowers
f 640/352/545 641/353/546 631/354/547 630/355/548
f 634/356/549 635/357/550 629/358/551 628/359/552
f 636/360/553 637/361/554 633/362/555 632/363/556
f 635/357/550 643/364/557 651/365/558 647/366/559
f 642/367/560 643/364/557 635/357/550 634/356/549
f 628/368/552 640/369/545 630/370/548 638/371/561 636/372/553 632/373/556 642/374/560 634/375/549
f 630/355/548 631/354/547 639/376/562 638/377/561
f 628/359/552 629/358/551 641/353/546 640/352/545
f 632/363/556 633/362/555 643/364/557 642/367/560
f 637/361/554 636/360/553 638/378/561 639/379/562
f 647/366/559 651/365/558 659/380/563 655/381/564
f 633/362/555 637/361/554 648/382/565 646/383/566
f 629/358/551 635/357/550 647/366/559 644/384/567
f 637/361/554 639/379/562 649/385/568 648/382/565
f 641/353/546 629/358/551 644/384/567 650/386/569
f 643/364/557 633/362/555 646/383/566 651/365/558
f 631/354/547 641/353/546 650/386/569 645/387/570
f 639/376/562 631/354/547 645/387/570 649/388/568
f 653/389/571 658/390/572 652/391/573 655/392/564 659/393/563 654/394/574 656/395/575 657/396/576
f 645/387/570 650/386/569 658/397/572 653/398/571
f 646/383/566 648/382/565 656/399/575 654/400/574
f 649/388/568 645/387/570 653/398/571 657/401/576
f 644/384/567 647/366/559 655/381/564 652/402/573
f 648/382/565 649/385/568 657/403/576 656/399/575
f 651/365/558 646/383/566 654/400/574 659/380/563
f 650/386/569 644/384/567 652/402/573 658/397/572
f 660/404/577 661/405/578 674/406/579 662/407/580
f 660/404/577 663/408/581 665/409/582 661/405/578
f 663/408/581 664/410/583 667/411/584 665/409/582
f 661/405/578 665/409/582 666/412/585 672/413/586
f 665/409/582 667/411/584 668/414/587 666/412/585
f 667/411/584 669/415/588 670/416/589 668/414/587
f 664/410/583 671/417/590 669/415/588 667/411/584
f 661/405/578 672/413/586 673/418/591 674/406/579
f 675/404/592 676/405/593 689/406/594 677/407/595
f 675/404/592 678/408/596 680/409/597 676/405/593
f 678/408/596 679/410/598 682/411/599 680/409/597
f 676/405/593 680/409/597 681/412/600 687/413/601
f 680/409/597 682/411/599 683/414/602 681/412/600
f 682/411/599 684/415/603 685/416/604 683/414/602
f 679/410/598 686/417/605 684/415/603 682/411/599
f 676/405/593 687/413/601 688/418/606 689/406/594
f 690/404/607 691/405/608 704/406/609 692/407/610
f 690/404/607 693/408/611 695/409/612 691/405/608
f 693/408/611 694/410/613 697/411/614 695/409/612
f 691/405/608 695/409/612 696/412/615 702/413/616
f 695/409/612 697/411/614 698/414/617 696/412/615
f 697/411/614 699/415/618 700/416/619 698/414/617
f 694/410/613 701/417/620 699/415/618 697/411/614
f 691/405/608 702/413/616 703/418/621 704/406/609
f 705/404/622 706/405/623 719/406/624 707/407/625
f 705/404/622 708/408/626 710/409/627 706/405/623
f 708/408/626 709/410/628 712/411/629 710/409/627
f 706/405/623 710/409/627 711/412/630 717/413/631
f 710/409/627 712/411/629 713/414/632 711/412/630
f 712/411/629 714/415/633 715/416/634 713/414/632
f 709/410/628 716/417/635 714/415/633 712/411/629
f 706/405/623 717/413/631 718/418/636 719/406/624
f 720/404/637 721/405/638 734/406/639 722/407/640
f 720/404/637 723/408/641 725/409/642 721/405/638
f 723/408/641 724/410/643 727/411/644 725/409/642
f 721/405/638 725/409/642 726/412/645 732/413/646
f 725/409/642 727/411/644 728/414/647 726/412/645
f 727/411/644 729/415/648 730/416/649 728/414/647
f 724/410/643 731/417/650 729/415/648 727/411/644
f 721/405/638 732/413/646 733/418/651 734/406/639
f 735/404/652 736/405/653 749/406/654 737/407/655
f 735/404/652 738/408/656 740/409/657 736/405/653
f 738/408/656 739/410/658 742/411/659 740/409/657
f 736/405/653 740/409/657 741/412/660 747/413/661
f 740/409/657 742/411/659 743/414/662 741/412/660
f 742/411/659 744/415/663 745/416/664 743/414/662
f 739/410/658 746/417/665 744/415/663 742/411/659
f 736/405/653 747/413/661 748/418/666 749/406/654
f 750/404/667 751/405/668 764/406/669 752/407/670
f 750/404/667 753/408/671 755/409/672 751/405/668
f 753/408/671 754/410/673 757/411/674 755/409/672
f 751/405/668 755/409/672 756/412/675 762/413/676
f 755/409/672 757/411/674 758/414/677 756/412/675
f 757/411/674 759/415/678 760/416/679 758/414/677
f 754/410/673 761/417/680 759/415/678 757/411/674
f 751/405/668 762/413/676 763/418/681 764/406/669
f 765/419/682 766/420/683 787/421/684 767/422/685
f 768/423/686 770/424/687 766/425/683 765/426/682
f 765/427/682 767/428/685 788/429/688 783/430/689 780/431/690 778/432/691 769/433/692 768/434/686
f 769/435/692 771/436/693 770/424/687 768/423/686
f 770/424/687 772/437/694 773/438/695 766/425/683
f 771/436/693 774/439/696 772/437/694 770/424/687
f 785/440/697 786/441/698 773/442/695 772/443/694 774/444/696 775/445/699 776/446/700 784/447/701
f 777/448/702 775/449/699 774/439/696 771/436/693
f 779/450/703 776/451/700 775/449/699 777/448/702
f 778/452/691 777/448/702 771/436/693 769/435/692
f 780/453/690 779/450/703 777/448/702 778/452/691
f 779/450/703 780/453/690 783/454/689 781/455/704
f 781/455/704 784/456/701 776/451/700 779/450/703
f 782/457/705 785/458/697 784/456/701 781/455/704
f 788/459/688 782/457/705 781/455/704 783/454/689
f 787/421/684 786/460/698 785/458/697 782/457/705
f 766/420/683 773/461/695 786/460/698 787/421/684
f 767/422/685 787/421/684 782/457/705 788/459/688
f 789/419/706 790/420/707 811/421/708 791/422/709
f 792/423/710 794/424/711 790/425/707 789/426/706
f 789/427/706 791/428/709 812/429/712 807/430/713 804/431/714 802/432/715 793/433/716 792/434/710
f 793/435/716 795/436/717 794/424/711 792/423/710
f 794/424/711 796/437/718 797/438/719 790/425/707
f 795/436/717 798/439/720 796/437/718 794/424/711
f 809/440/721 810/441/722 797/442/719 796/443/718 798/444/720 799/445/723 800/446/724 808/447/725
f 801/448/726 799/449/723 798/439/720 795/436/717
f 803/450/727 800/451/724 799/449/723 801/448/726
f 802/452/715 801/448/726 795/436/717 793/435/716
f 804/453/714 803/450/727 801/448/726 802/452/715
f 803/450/727 804/453/714 807/454/713 805/455/728
f 805/455/728 808/456/725 800/451/724 803/450/727
f 806/457/729 809/458/721 808/456/725 805/455/728
f 812/459/712 806/457/729 805/455/728 807/454/713
f 811/421/708 810/460/722 809/458/721 806/457/729
f 790/420/707 797/461/719 810/460/722 811/421/708
f 791/422/709 811/421/708 806/457/729 812/459/712
f 813/462/730 814/405/731 827/463/732 815/407/733
f 813/462/730 816/408/734 818/409/735 814/405/731
f 816/408/734 817/464/736 820/465/737 818/409/735
f 814/405/731 818/409/735 819/466/738 825/467/739
f 818/409/735 820/465/737 821/468/740 819/466/738
f 820/465/737 822/415/741 823/469/742 821/468/740
f 817/464/736 824/417/743 822/415/741 820/465/737
f 814/405/731 825/467/739 826/418/744 827/463/732
f 828/462/745 829/405/746 842/463/747 830/407/748
f 828/462/745 831/408/749 833/409/750 829/405/746
f 831/408/749 832/464/751 835/465/752 833/409/750
f 829/405/746 833/409/750 834/466/753 840/467/754
f 833/409/750 835/465/752 836/468/755 834/466/753
f 835/465/752 837/415/756 838/469/757 836/468/755
f 832/464/751 839/417/758 837/415/756 835/465/752
f 829/405/746 840/467/754 841/418/759 842/463/747
f 843/462/760 844/405/761 857/463/762 845/407/763
f 843/462/760 846/408/764 848/409/765 844/405/761
f 846/408/764 847/464/766 850/465/767 848/409/765
f 844/405/761 848/409/765 849/466/768 855/467/769
f 848/409/765 850/465/767 851/468/770 849/466/768
f 850/465/767 852/415/771 853/469/772 851/468/770
f 847/464/766 854/417/773 852/415/771 850/465/767
f 844/405/761 855/467/769 856/418/774 857/463/762
f 861/470/775 858/471/776 862/472/777
f 864/473/778 858/471/776 859/474/779
f 863/475/780 858/471/776 864/473/778
f 860/476/781 858/471/776 861/470/775
f 859/474/779 858/471/776 860/476/781
f 862/472/777 858/471/776 863/475/780
f 868/477/782 865/478/783 869/479/784
f 871/480/785 865/478/783 866/481/786
f 870/482/787 865/478/783 871/480/785
f 867/483/788 865/478/783 868/477/782
f 866/481/786 865/478/783 867/483/788
f 869/479/784 865/478/783 870/482/787
f 875/470/789 872/471/790 876/472/791
f 878/473/792 872/471/790 873/474/793
f 877/475/794 872/471/790 878/473/792
f 874/476/795 872/471/790 875/470/789
f 873/474/793 872/471/790 874/476/795
f 876/472/791 872/471/790 877/475/794
f 882/477/796 879/478/790 883/479/797
f 885/480/798 879/478/790 880/481/799
f 884/482/800 879/478/790 885/480/798
f 881/483/801 879/478/790 882/477/796
f 880/481/799 879/478/790 881/483/801
f 883/479/797 879/478/790 884/482/800
f 889/470/802 886/471/803 890/472/804
f 892/473/805 886/471/803 887/474/806
f 891/475/807 886/471/803 892/473/805
f 888/476/808 886/471/803 889/470/802
f 887/474/806 886/471/803 888/476/808
f 890/472/804 886/471/803 891/475/807
f 896/477/809 893/478/803 897/479/810
f 899/480/811 893/478/803 894/481/812
f 898/482/813 893/478/803 899/480/811
f 895/483/814 893/478/803 896/477/809
f 894/481/812 893/478/803 895/483/814
f 897/479/810 893/478/803 898/482/813
o Flower1.001
v 7.483654 0.030137 1.246135
v 7.484119 0.101379 1.245429
v 7.484086 0.030137 1.242615
v 7.484793 0.101379 1.243080
v 7.488120 0.030137 1.244897
v 7.487292 0.101379 1.245067
v 7.485325 0.030137 1.247081
v 7.485155 0.101379 1.246252
v 7.487607 0.030137 1.243047
v 7.487142 0.101379 1.243753
v 7.485936 0.030137 1.242101
v 7.486107 0.101379 1.242930
v 7.483141 0.030137 1.244286
v 7.483969 0.101379 1.244115
v 7.487175 0.030137 1.246567
v 7.486469 0.101379 1.246102
v 7.484119 0.169508 1.245429
v 7.484793 0.169508 1.243080
v 7.487292 0.169508 1.245067
v 7.485155 0.169508 1.246252
v 7.487142 0.169508 1.243753
v 7.486107 0.169508 1.242930
v 7.483969 0.169508 1.244115
v 7.486469 0.169508 1.246103
v 7.483521 0.240125 1.245760
v 7.484461 0.240125 1.242482
v 7.487949 0.240125 1.245256
v 7.484966 0.240125 1.246909
v 7.487740 0.240125 1.243422
v 7.486295 0.240125 1.242273
v 7.483312 0.240125 1.243927
v 7.486800 0.240125 1.246700
v 7.439414 0.253604 1.261418
v 7.477094 0.253604 1.293030
v 7.523311 0.253604 1.276203
v 7.531848 0.253604 1.227765
v 7.494167 0.253604 1.196153
v 7.447950 0.253604 1.212979
v 7.485226 0.238284 1.246886
v 7.483441 0.238284 1.245388
v 7.487416 0.238284 1.246089
v 7.487820 0.238284 1.243794
v 7.486035 0.238284 1.242296
v 7.483846 0.238284 1.243093
v 7.465186 0.250861 1.227439
v 7.490263 0.250861 1.218309
v 7.510707 0.250861 1.235461
v 7.506075 0.250861 1.261743
v 7.460554 0.250861 1.253721
v 7.480999 0.250861 1.270873
v 7.439414 0.265028 1.261418
v 7.477094 0.265028 1.293030
v 7.523311 0.265028 1.276203
v 7.531848 0.265028 1.227765
v 7.494167 0.265028 1.196153
v 7.447950 0.265028 1.212979
v 7.485226 0.242009 1.246886
v 7.483441 0.242009 1.245388
v 7.487416 0.242009 1.246089
v 7.487820 0.242009 1.243794
v 7.486035 0.242009 1.242296
v 7.483846 0.242009 1.243093
v 7.465186 0.253234 1.227439
v 7.490263 0.253234 1.218309
v 7.510707 0.253234 1.235461
v 7.506075 0.253234 1.261743
v 7.460554 0.253234 1.253721
v 7.480999 0.253234 1.270873
v 7.476498 0.057445 1.242306
v 7.437668 0.141836 1.287700
v 7.487473 0.057342 1.252527
v 7.445801 0.141760 1.295274
v 7.481646 0.032087 1.242242
v 7.486917 0.032037 1.247150
v 7.445788 0.134935 1.274458
v 7.458363 0.134817 1.286169
v 7.476408 0.105028 1.268877
v 7.461454 0.105169 1.254951
v 7.481647 0.057369 1.247780
v 7.439113 0.143553 1.294320
v 7.482388 0.031923 1.246727
v 7.452070 0.134881 1.280319
v 7.468890 0.105153 1.261959
v 7.492464 0.130111 1.239631
v 7.485248 0.130111 1.241729
v 7.489585 0.104633 1.243115
v 7.489167 0.178730 1.222629
v 7.479622 0.209714 1.201162
v 7.479547 0.178788 1.226070
v 7.469966 0.178730 1.229620
v 7.471546 0.209720 1.204095
v 7.463475 0.209714 1.207041
v 7.465176 0.219332 1.186597
v 7.461244 0.217387 1.192039
v 7.471686 0.217387 1.188237
v 7.478372 0.130111 1.244762
v 7.482817 0.104633 1.245579
v 7.485250 0.104633 1.241735
v 7.486889 0.182314 1.251290
v 7.489653 0.182164 1.247103
v 7.484281 0.165734 1.247170
v 7.500703 0.212496 1.260593
v 7.517780 0.230312 1.268687
v 7.504121 0.212398 1.254687
v 7.507462 0.212236 1.248738
v 7.520626 0.230205 1.263705
v 7.523463 0.230093 1.258717
v 7.532242 0.234492 1.270232
v 7.531729 0.233553 1.265688
v 7.528053 0.233695 1.272135
v 7.491849 0.182124 1.242589
v 7.486663 0.165642 1.242991
v 7.487060 0.165383 1.245993
vn -0.8371 0.0101 -0.5470
vn -0.5470 0.0101 0.8371
vn 0.9787 0.0101 -0.2051
vn 0.1133 -0.0000 0.9936
vn 0.2051 0.0101 0.9787
vn -0.0000 -1.0000 -0.0000
vn -0.2051 0.0101 -0.9787
vn -0.9787 0.0101 0.2051
vn 0.8371 0.0101 0.5470
vn 0.5470 0.0101 -0.8371
vn 0.1133 -0.0089 0.9935
vn 0.9936 -0.0000 -0.1133
vn -0.6224 -0.0000 0.7827
vn 0.6224 -0.0000 -0.7827
vn -0.9936 -0.0000 0.1133
vn 0.7827 -0.0000 0.6224
vn -0.7827 -0.0000 -0.6224
vn -0.1133 -0.0000 -0.9936
vn -0.0000 1.0000 -0.0000
vn -0.7826 -0.0089 -0.6224
vn 0.9935 -0.0089 -0.1133
vn -0.1133 -0.0089 -0.9935
vn -0.6224 -0.0089 0.7826
vn 0.6224 -0.0089 -0.7826
vn 0.7826 -0.0089 0.6224
vn -0.9935 -0.0089 0.1133
vn 0.5043 0.8589 0.0889
vn 0.0896 0.9902 -0.1068
vn -0.0477 0.9902 -0.1310
vn -0.1373 0.9902 -0.0242
vn -0.0896 0.9902 0.1068
vn 0.0477 0.9902 0.1310
vn 0.3291 0.8589 -0.3923
vn -0.1752 0.8589 -0.4812
vn -0.5043 0.8589 -0.0889
vn -0.3292 0.8589 0.3923
vn 0.1752 0.8589 0.4812
vn 0.1373 0.9902 0.0242
vn 0.4627 0.8828 0.0815
vn 0.3328 0.8555 -0.3967
vn -0.1772 0.8555 -0.4866
vn -0.5100 0.8555 -0.0899
vn -0.3328 0.8555 0.3967
vn 0.1772 0.8555 0.4866
vn 0.3019 0.8828 -0.3599
vn -0.1607 0.8828 -0.4414
vn -0.4627 0.8828 -0.0815
vn -0.3019 0.8828 0.3599
vn 0.1607 0.8828 0.4414
vn 0.5100 0.8555 0.0899
vn 0.2867 0.9103 -0.2985
vn 0.4430 0.1143 -0.8892
vn 0.5251 0.6422 -0.5585
vn 0.6125 0.3753 -0.6957
vn 0.6542 0.3749 -0.6569
vn 0.5262 0.6421 -0.5575
vn 0.8566 0.1104 -0.5041
vn 0.2865 0.9103 -0.2987
vn 0.0619 0.0647 0.9960
vn 0.2962 0.3285 0.8969
vn 0.2722 0.6032 0.7497
vn 0.3498 0.3285 0.8774
vn 0.2736 0.6032 0.7492
vn 0.1568 0.8886 0.4311
vn 0.1571 0.8886 0.4310
vn 0.5929 0.0647 0.8027
vn -0.6689 0.2158 -0.7113
vn -0.7434 0.4786 -0.4671
vn -0.5901 0.7260 -0.3532
vn -0.7717 0.4797 -0.4176
vn -0.5908 0.7260 -0.3519
vn -0.2571 0.9517 -0.1676
vn -0.2572 0.9518 -0.1673
vn -0.9487 0.2266 -0.2205
vt 0.499576 0.438731
vt 0.499576 0.320724
vt 0.505497 0.320724
vt 0.505497 0.438731
vt 0.487767 0.438731
vt 0.487767 0.320724
vt 0.493671 0.320724
vt 0.493671 0.438731
vt 0.470047 0.438731
vt 0.470047 0.320724
vt 0.475954 0.320724
vt 0.475954 0.438731
vt 0.481862 0.320724
vt 0.481862 0.202412
vt 0.487767 0.202412
vt 0.481862 0.438731
vt 0.678410 0.969121
vt 0.681862 0.965614
vt 0.686815 0.965640
vt 0.690296 0.969121
vt 0.690296 0.974044
vt 0.686815 0.977525
vt 0.681892 0.977525
vt 0.678410 0.974044
vt 0.511401 0.320724
vt 0.511401 0.438731
vt 0.464141 0.438731
vt 0.464141 0.320724
vt 0.481862 0.086269
vt 0.487767 0.086269
vt 0.470047 0.202412
vt 0.475954 0.202412
vt 0.493671 0.202412
vt 0.464141 0.202412
vt 0.499576 0.202412
vt 0.505497 0.202412
vt 0.511401 0.202412
vt 0.681851 0.972628
vt 0.681851 0.970540
vt 0.683317 0.969055
vt 0.685389 0.969044
vt 0.686855 0.970512
vt 0.686855 0.972600
vt 0.685389 0.974084
vt 0.683317 0.974096
vt 0.499576 0.086269
vt 0.505497 0.086269
vt 0.470047 0.086269
vt 0.475954 0.086269
vt 0.511401 0.086269
vt 0.493671 0.086269
vt 0.464141 0.086269
vt 0.738845 0.087984
vt 0.737910 0.088179
vt 0.737497 0.086998
vt 0.738756 0.085747
vt 0.740084 0.087007
vt 0.739745 0.088197
vt 0.773530 0.066223
vt 0.774089 0.106480
vt 0.739365 0.126410
vt 0.804184 0.123552
vt 0.739820 0.160776
vt 0.704198 0.107374
vt 0.674786 0.125128
vt 0.703420 0.067122
vt 0.672911 0.050154
vt 0.738226 0.046182
vt 0.737863 0.011562
vt 0.803264 0.048621
vt 0.893190 0.501433
vt 0.891620 0.501934
vt 0.890443 0.500345
vt 0.891505 0.498058
vt 0.893965 0.498781
vt 0.894552 0.500760
vt 0.921257 0.459235
vt 0.942294 0.504424
vt 0.912750 0.544228
vt 0.992417 0.509394
vt 0.933147 0.589455
vt 0.863509 0.540285
vt 0.834449 0.580578
vt 0.842374 0.495156
vt 0.792176 0.489922
vt 0.871343 0.453898
vt 0.850777 0.408219
vt 0.950218 0.418694
vt 0.418019 0.386691
vt 0.415791 0.439835
vt 0.402150 0.428490
vt 0.396229 0.385754
vt 0.427636 0.157311
vt 0.408545 0.156568
vt 0.419004 0.092088
vt 0.430349 0.092586
vt 0.422144 0.288307
vt 0.396229 0.287031
vt 0.446722 0.158169
vt 0.448074 0.289205
vt 0.439811 0.387581
vt 0.441697 0.093039
vt 0.430334 0.429672
s 0
usemtl Flowers
f 912/484/815 913/485/815 903/486/815 902/487/815
f 906/488/816 907/489/816 901/490/816 900/491/816
f 908/492/817 909/493/817 905/494/817 904/495/817
f 907/489/818 915/496/818 923/497/818 919/498/818
f 914/499/819 915/496/819 907/489/819 906/488/819
f 900/500/820 912/501/820 902/502/820 910/503/820 908/504/820 904/505/820 914/506/820 906/507/820
f 902/487/821 903/486/821 911/508/821 910/509/821
f 900/491/822 901/490/822 913/485/822 912/484/822
f 904/495/823 905/494/823 915/496/823 914/499/823
f 909/493/824 908/492/824 910/510/824 911/511/824
f 919/498/825 923/497/825 931/512/825 927/513/825
f 905/494/826 909/493/826 920/514/826 918/515/826
f 901/490/827 907/489/827 919/498/827 916/516/827
f 909/493/828 911/511/828 921/517/828 920/514/828
f 913/485/829 901/490/829 916/516/829 922/518/829
f 915/496/830 905/494/830 918/515/830 923/497/830
f 903/486/831 913/485/831 922/518/831 917/519/831
f 911/508/832 903/486/832 917/519/832 921/520/832
f 925/521/833 930/522/833 924/523/833 927/524/833 931/525/833 926/526/833 928/527/833 929/528/833
f 917/519/834 922/518/834 930/529/834 925/530/834
f 918/515/835 920/514/835 928/531/835 926/532/835
f 921/520/836 917/519/836 925/530/836 929/533/836
f 916/516/837 919/498/837 927/513/837 924/534/837
f 920/514/838 921/517/838 929/535/838 928/531/838
f 923/497/839 918/515/839 926/532/839 931/512/839
f 922/518/840 916/516/840 924/534/840 930/529/840
f 938/536/833 940/537/833 941/538/833 942/539/833 943/540/833 939/541/833
f 939/541/841 943/540/841 944/542/841 948/543/841
f 949/544/842 948/543/842 932/545/842 933/546/842
f 947/547/843 949/544/843 933/546/843 934/548/843
f 946/549/844 947/547/844 934/548/844 935/550/844
f 945/551/845 946/549/845 935/550/845 936/552/845
f 944/542/846 945/551/846 936/552/846 937/553/846
f 956/554/833 958/555/833 959/556/833 960/557/833 961/558/833 957/559/833
f 938/536/847 939/541/847 948/543/847 949/544/847
f 940/537/848 938/536/848 949/544/848 947/547/848
f 941/538/849 940/537/849 947/547/849 946/549/849
f 942/539/850 941/538/850 946/549/850 945/551/850
f 943/540/851 942/539/851 945/551/851 944/542/851
f 948/543/852 944/542/852 937/553/852 932/545/852
f 957/559/853 961/558/853 962/560/853 966/561/853
f 967/562/854 966/561/854 950/563/854 951/564/854
f 965/565/855 967/562/855 951/564/855 952/566/855
f 964/567/856 965/565/856 952/566/856 953/568/856
f 963/569/857 964/567/857 953/568/857 954/570/857
f 962/560/858 963/569/858 954/570/858 955/571/858
f 956/554/859 957/559/859 966/561/859 967/562/859
f 958/555/860 956/554/860 967/562/860 965/565/860
f 959/556/861 958/555/861 965/565/861 964/567/861
f 960/557/862 959/556/862 964/567/862 963/569/862
f 961/558/863 960/557/863 963/569/863 962/560/863
f 966/561/864 962/560/864 955/571/864 950/563/864
f 981/572/865 979/573/865 971/574/865 975/575/865
f 978/576/866 970/577/866 973/578/866 980/579/866
f 982/580/867 981/572/867 975/575/867 976/581/867
f 978/576/868 982/580/868 976/581/868 970/577/868
f 968/582/869 977/583/869 982/580/869 978/576/869
f 977/583/870 974/584/870 981/572/870 982/580/870
f 968/582/871 978/576/871 980/579/871 972/585/871
f 974/584/872 969/586/872 979/573/872 981/572/872
f 983/572/873 984/573/873 997/574/873 985/575/873
f 983/576/874 986/577/874 988/578/874 984/579/874
f 986/580/875 987/572/875 990/575/875 988/581/875
f 984/576/876 988/580/876 989/581/876 995/577/876
f 988/582/877 990/583/877 991/580/877 989/576/877
f 990/583/878 992/584/878 993/572/878 991/580/878
f 987/582/879 994/576/879 992/579/879 990/585/879
f 984/584/880 995/586/880 996/573/880 997/572/880
f 998/572/881 999/573/881 1012/574/881 1000/575/881
f 998/576/882 1001/577/882 1003/578/882 999/579/882
f 1001/580/883 1002/572/883 1005/575/883 1003/581/883
f 999/576/884 1003/580/884 1004/581/884 1010/577/884
f 1003/582/885 1005/583/885 1006/580/885 1004/576/885
f 1005/583/886 1007/584/886 1008/572/886 1006/580/886
f 1002/582/887 1009/576/887 1007/579/887 1005/585/887
f 999/584/888 1010/586/888 1011/573/888 1012/572/888
o Cylinder.006
v 7.007026 0.033144 1.576967
v 7.008339 0.102942 1.592933
v 7.010422 0.032775 1.578592
v 7.009784 0.102786 1.593624
v 7.009888 0.032038 1.582264
v 7.009557 0.102472 1.595186
v 7.006161 0.031950 1.582909
v 7.007972 0.102435 1.595460
v 7.004392 0.032634 1.579635
v 7.007219 0.102726 1.594067
v 6.984046 0.097536 1.620309
v 6.980762 0.109144 1.573044
v 7.032707 0.099184 1.617329
v 7.006866 0.102367 1.594599
v 7.029420 0.110790 1.570067
v 6.936303 0.035447 1.557178
v 6.940331 0.035041 1.555769
v 6.936296 0.034706 1.561399
v 6.941250 0.089281 1.567328
v 6.946823 0.124858 1.569011
v 6.941246 0.088753 1.570337
v 6.944121 0.088992 1.566324
v 6.948442 0.125245 1.568267
v 6.945890 0.088286 1.568712
v 6.942813 0.034050 1.559119
v 6.949685 0.125266 1.569602
v 6.944113 0.088138 1.571192
v 6.940320 0.033842 1.562600
v 6.948833 0.124892 1.571170
v 6.947065 0.124640 1.570805
v 6.952253 0.121006 1.601039
v 6.915698 0.120210 1.575619
v 6.976748 0.131864 1.565468
v 6.946386 0.124675 1.570090
v 6.940193 0.131067 1.540053
v 6.996025 0.043343 1.527247
v 6.997844 0.042664 1.530494
v 6.992308 0.043245 1.527947
v 6.995914 0.078359 1.532993
v 6.999619 0.122504 1.539250
v 6.993266 0.078288 1.533492
v 6.997211 0.077875 1.535307
v 7.000576 0.122688 1.540531
v 6.995363 0.077506 1.537236
v 6.995252 0.042146 1.533201
v 6.999642 0.122836 1.541833
v 6.992925 0.077761 1.536114
v 6.991830 0.042505 1.531626
v 6.998108 0.122743 1.541357
v 6.998094 0.122538 1.539761
v 6.965179 0.123441 1.553382
v 6.984557 0.120090 1.508743
v 7.009830 0.128395 1.572390
v 6.997468 0.122372 1.540681
v 7.029203 0.125044 1.527751
v 6.937680 0.020301 1.633209
v 6.940592 0.020217 1.632132
v 6.937768 0.019721 1.636258
v 6.941135 0.085311 1.642646
v 6.942276 0.085677 1.642091
v 6.941345 0.085147 1.643940
v 6.942616 0.085411 1.644184
v 6.943192 0.085739 1.643041
v 6.940734 0.019280 1.637066
v 6.942479 0.019586 1.634516
v 6.944993 0.083710 1.666847
v 6.917363 0.081558 1.648294
v 6.962248 0.093428 1.640012
v 6.940294 0.085142 1.643512
v 6.934619 0.091274 1.621467
v 6.888735 0.028544 1.595350
v 6.892449 0.029007 1.594797
v 6.888187 0.027752 1.599008
v 6.885782 0.062988 1.602379
v 6.869800 0.106493 1.607208
v 6.885391 0.062424 1.604986
v 6.888429 0.063318 1.601986
v 6.871145 0.107305 1.606862
v 6.889674 0.062957 1.604350
v 6.894196 0.028501 1.598115
v 6.871920 0.107595 1.608242
v 6.887796 0.062405 1.606204
v 6.891562 0.027725 1.600717
v 6.871054 0.106962 1.609441
v 6.869744 0.106280 1.608802
v 6.868900 0.103657 1.638405
v 6.841791 0.093515 1.607554
v 6.893892 0.122799 1.610146
v 6.868743 0.106555 1.608405
v 6.866783 0.112656 1.579300
v 6.917581 0.047292 1.505491
v 6.920197 0.047085 1.506358
v 6.915926 0.046871 1.507664
v 6.910399 0.107348 1.515443
v 6.911517 0.107617 1.515688
v 6.909821 0.107236 1.516460
v 6.910581 0.107436 1.517334
v 6.911629 0.107671 1.516858
v 6.917519 0.046404 1.509874
v 6.920159 0.046537 1.509067
v 6.897416 0.106522 1.538815
v 6.886768 0.104657 1.505478
v 6.929659 0.115028 1.528034
v 6.908943 0.107156 1.516575
v 6.919007 0.113162 1.494704
v 7.016716 0.015019 1.665887
v 7.020281 0.015231 1.664636
v 7.016821 0.014267 1.669593
v 7.015736 0.049723 1.673221
v 7.014155 0.094115 1.678566
v 7.015811 0.049187 1.675862
v 7.018276 0.049874 1.672329
v 7.015514 0.094685 1.677920
v 7.019921 0.049432 1.674419
v 7.022588 0.014610 1.667569
v 7.016600 0.094834 1.679098
v 7.018397 0.049007 1.676603
v 7.020451 0.014015 1.670633
v 7.015912 0.094356 1.680472
v 7.014400 0.093912 1.680143
v 7.019338 0.091166 1.708573
v 6.985496 0.085983 1.684725
v 7.040389 0.105583 1.675560
v 7.013447 0.094051 1.679575
v 7.006548 0.100399 1.651718
v 7.012338 0.054278 1.464588
v 7.014117 0.054124 1.462662
v 7.013519 0.053615 1.466839
v 7.022981 0.108370 1.472182
v 7.023655 0.108654 1.471337
v 7.023618 0.108150 1.473073
v 7.024686 0.108296 1.472779
v 7.024709 0.108608 1.471706
v 7.016029 0.053053 1.466304
v 7.016398 0.053368 1.463722
v 7.036647 0.105302 1.491273
v 7.003738 0.105971 1.487149
v 7.040767 0.115692 1.460039
v 7.022232 0.108097 1.472607
v 7.007863 0.116358 1.455921
v 6.983834 0.022676 1.627655
v 6.985335 0.023037 1.625784
v 6.985182 0.022261 1.629628
v 6.981416 0.073085 1.637262
v 6.981900 0.073532 1.636467
v 6.982091 0.072997 1.638037
v 6.982991 0.073389 1.637722
v 6.982873 0.073720 1.636752
v 6.987516 0.022365 1.628977
v 6.987610 0.022845 1.626601
v 6.994899 0.073401 1.653996
v 6.965350 0.066587 1.651904
v 6.994227 0.084915 1.625872
v 6.980428 0.072996 1.637676
v 6.964685 0.078099 1.623787
vn 0.9899 -0.0210 0.1399
vn 0.1717 -0.1770 0.9691
vn 0.0114 0.9800 0.1985
vn -0.8834 -0.0601 0.4648
vn -0.0114 -0.9800 -0.1985
vn 0.4404 0.1923 -0.8770
vn -0.7174 0.1682 -0.6761
vn 0.0585 0.9704 0.2343
vn -0.0233 0.9861 0.1646
vn -0.0129 0.9493 0.3141
vn -0.0954 0.9652 0.2437
vn -0.3050 0.2034 -0.9304
vn -0.1577 -0.9726 -0.1710
vn -0.9959 0.0889 0.0139
vn -0.9853 0.1549 0.0726
vn -0.3630 0.0968 -0.9268
vn 0.8103 0.0572 -0.5832
vn 0.7705 -0.0608 -0.6346
vn 0.8082 -0.1467 0.5704
vn 0.8403 -0.1033 0.5322
vn -0.3086 -0.1276 0.9426
vn -0.2522 0.0306 0.9672
vn -0.1684 0.9755 0.1414
vn -0.1180 0.9832 0.1390
vn -0.2055 0.9665 0.1536
vn -0.1001 0.9688 0.2268
vn -0.1886 0.9519 0.2415
vn 0.8766 0.0806 -0.4743
vn -0.1867 0.1585 -0.9695
vn -0.2333 0.1585 -0.9594
vn 0.8473 0.0012 -0.5311
vn 0.7275 -0.0801 0.6815
vn 0.7555 -0.1339 0.6413
vn -0.4246 -0.1013 0.8997
vn -0.3746 -0.0615 0.9251
vn -0.9918 0.0460 -0.1195
vn -0.9905 0.1198 -0.0675
vn -0.0205 0.9917 -0.1272
vn 0.0043 0.9973 -0.0730
vn -0.0355 0.9843 -0.1731
vn -0.0968 0.9948 -0.0319
vn -0.1369 0.9816 -0.1331
vn -0.0959 -0.9784 -0.1832
vn -0.3784 0.1507 -0.9133
vn -0.9962 0.0437 0.0759
vn -0.2302 0.9600 0.1594
vn -0.2436 -0.0984 0.9649
vn 0.8502 -0.0782 0.5207
vn 0.7696 0.0750 -0.6341
vn -0.1359 0.9868 0.0879
vn -0.3329 0.9347 0.1244
vn -0.0890 0.9535 0.2881
vn -0.2882 0.9008 0.3248
vn -0.1669 0.1834 -0.9688
vn 0.0922 -0.9759 -0.1975
vn -0.9859 -0.0521 -0.1590
vn -0.9333 -0.3222 -0.1589
vn -0.1920 0.0358 -0.9807
vn 0.8799 0.1940 -0.4338
vn 0.8213 0.3678 -0.4361
vn 0.7075 -0.0349 0.7058
vn 0.6856 0.2094 0.6972
vn -0.4450 -0.1869 0.8758
vn -0.4046 -0.2191 0.8878
vn -0.4961 0.8628 0.0973
vn -0.4361 0.8955 0.0888
vn -0.5448 0.8344 0.0834
vn -0.4310 0.8769 0.2128
vn -0.5409 0.8152 0.2073
vn 0.2776 0.1872 -0.9423
vn -0.8190 -0.0010 -0.5737
vn -0.2293 0.9731 -0.0233
vn -0.7910 -0.1639 0.5894
vn 0.3345 -0.0749 0.9394
vn 0.9901 0.1402 -0.0010
vn -0.1003 0.9947 -0.0236
vn -0.2917 0.9484 -0.1242
vn -0.1962 0.9649 0.1747
vn -0.3893 0.9182 0.0730
vn -0.3353 0.1857 -0.9236
vn -0.9992 -0.0328 0.0216
vn -0.9968 -0.0409 0.0686
vn -0.3802 0.0943 -0.9201
vn 0.7914 0.1758 -0.5855
vn 0.7670 0.1234 -0.6297
vn 0.8235 -0.0481 0.5653
vn 0.8487 0.0045 0.5288
vn -0.2824 -0.1774 0.9428
vn -0.2455 -0.0979 0.9644
vn -0.3116 0.9351 0.1688
vn -0.2494 0.9573 0.1459
vn -0.3671 0.9153 0.1656
vn -0.2212 0.9376 0.2684
vn -0.3402 0.8951 0.2882
vn -0.2468 -0.9571 -0.1520
vn -0.7336 0.2320 -0.6388
vn -0.8496 0.0962 0.5186
vn -0.0557 0.9592 0.2773
vn 0.2070 -0.1473 0.9672
vn 0.9838 -0.1613 0.0781
vn 0.4076 0.0719 -0.9103
vn 0.0017 0.9892 0.1468
vn -0.1899 0.9388 0.2872
vn 0.1524 0.9316 0.3300
vn -0.0412 0.8809 0.4716
vn -0.8101 0.0700 -0.5821
vn -0.8094 -0.1454 0.5690
vn -0.2728 0.9000 0.3400
vn 0.3027 -0.1364 0.9433
vn 0.9960 0.0879 0.0143
vn 0.3138 0.2154 -0.9248
vn -0.2332 0.9550 0.1831
vn -0.4207 0.8360 0.3523
vn -0.0350 0.9246 0.3794
vn -0.2244 0.8045 0.5499
vt 0.396302 0.023434
vt 0.663074 0.023434
vt 0.663074 0.033478
vt 0.396302 0.033478
vt 0.663074 0.043522
vt 0.396302 0.043522
vt 0.696766 0.960078
vt 0.696766 0.974434
vt 0.683114 0.978869
vt 0.674676 0.967256
vt 0.683114 0.955642
vt 0.663074 0.053566
vt 0.396302 0.053566
vt 0.711688 0.967256
vt 0.691851 0.994559
vt 0.659755 0.984130
vt 0.659755 0.950382
vt 0.691851 0.939953
vt 0.672186 0.944229
vt 0.699256 0.953025
vt 0.699256 0.981488
vt 0.672186 0.990283
vt 0.396809 0.046971
vt 0.396809 0.030029
vt 0.662566 0.030029
vt 0.662566 0.038500
vt 0.019964 0.631813
vt 0.194986 0.631814
vt 0.106913 0.719780
vt 0.194992 0.806835
vt 0.019964 0.806841
vt 0.397044 0.034073
vt 0.513716 0.034073
vt 0.513716 0.042927
vt 0.397044 0.042927
vt 0.708632 0.967256
vt 0.691130 0.991346
vt 0.662810 0.982145
vt 0.662810 0.952367
vt 0.691130 0.943166
vt 0.397044 0.025218
vt 0.513716 0.025218
vt 0.662332 0.025218
vt 0.662332 0.034073
vt 0.662332 0.042927
vt 0.513716 0.051782
vt 0.397044 0.051782
vt 0.662332 0.051782
vt 0.513716 0.060637
vt 0.397044 0.060637
vt 0.662332 0.060637
vt 0.397044 0.016363
vt 0.513716 0.016363
vt 0.662332 0.016363
vt 0.683420 0.977503
vt 0.675976 0.967256
vt 0.683420 0.957009
vt 0.695467 0.960923
vt 0.695467 0.973589
vt 0.680552 0.944229
vt 0.707621 0.953025
vt 0.707621 0.981488
vt 0.680551 0.990283
vt 0.663821 0.967255
vt 0.396809 0.042736
vt 0.662566 0.042736
vt 0.662566 0.051207
vt 0.396809 0.051207
vt 0.396809 0.034264
vt 0.662566 0.034264
vt 0.695036 0.961202
vt 0.695036 0.973309
vt 0.683522 0.977051
vt 0.676406 0.967256
vt 0.683522 0.957461
vt 0.396809 0.025793
vt 0.662566 0.025793
vt 0.396809 0.017321
vt 0.662566 0.017322
vt 0.662566 0.059678
vt 0.396809 0.059678
s 0
usemtl Flowers
f 1015/587/889 1016/588/889 1018/589/889 1017/590/889
f 1017/590/890 1018/589/890 1020/591/890 1019/592/890
f 1016/593/891 1014/594/891 1022/595/891 1020/596/891 1018/597/891
f 1019/592/892 1020/591/892 1022/598/892 1021/599/892
f 1013/600/893 1015/601/893 1017/602/893 1019/603/893 1021/604/893
f 1013/605/894 1014/606/894 1016/607/894 1015/608/894
f 1021/609/895 1022/610/895 1014/611/895 1013/612/895
f 1024/613/896 1023/614/896 1026/615/896
f 1023/614/897 1025/616/897 1026/615/897
f 1027/617/898 1024/613/898 1026/615/898
f 1025/616/899 1027/617/899 1026/615/899
f 1028/618/900 1031/619/900 1034/620/900 1029/621/900
f 1028/622/901 1029/623/901 1037/624/901 1040/625/901 1030/626/901
f 1030/627/902 1033/628/902 1031/619/902 1028/618/902
f 1033/628/903 1042/629/903 1032/630/903 1031/619/903
f 1031/619/904 1032/630/904 1035/631/904 1034/620/904
f 1029/621/905 1034/620/905 1036/632/905 1037/633/905
f 1034/620/906 1035/631/906 1038/634/906 1036/632/906
f 1037/633/907 1036/632/907 1039/635/907 1040/636/907
f 1036/632/908 1038/634/908 1041/637/908 1039/635/908
f 1040/638/909 1039/639/909 1033/628/909 1030/627/909
f 1039/639/910 1041/640/910 1042/629/910 1033/628/910
f 1035/641/911 1032/642/911 1042/643/911 1041/644/911 1038/645/911
f 1044/613/912 1043/614/912 1046/615/912
f 1043/614/913 1045/616/913 1046/615/913
f 1047/617/914 1044/613/914 1046/615/914
f 1045/616/915 1047/617/915 1046/615/915
f 1048/618/916 1051/619/916 1054/620/916 1049/621/916
f 1048/622/893 1049/623/893 1057/624/893 1060/625/893 1050/626/893
f 1050/627/917 1053/628/917 1051/619/917 1048/618/917
f 1053/628/918 1062/629/918 1052/630/918 1051/619/918
f 1051/619/919 1052/630/919 1055/631/919 1054/620/919
f 1049/621/920 1054/620/920 1056/632/920 1057/633/920
f 1054/620/921 1055/631/921 1058/634/921 1056/632/921
f 1057/633/922 1056/632/922 1059/635/922 1060/636/922
f 1056/632/923 1058/634/923 1061/637/923 1059/635/923
f 1060/638/924 1059/639/924 1053/628/924 1050/627/924
f 1059/639/925 1061/640/925 1062/629/925 1053/628/925
f 1055/641/926 1052/642/926 1062/643/926 1061/644/926 1058/645/926
f 1064/613/927 1063/614/927 1066/615/927
f 1063/614/928 1065/616/928 1066/615/928
f 1067/617/929 1064/613/929 1066/615/929
f 1065/616/930 1067/617/930 1066/615/930
f 1068/646/931 1069/647/931 1077/648/931 1076/649/931 1070/650/931
f 1068/651/932 1071/652/932 1072/653/932 1069/654/932
f 1070/655/933 1073/656/933 1071/652/933 1068/651/933
f 1072/657/934 1071/658/934 1073/659/934 1074/660/934 1075/661/934
f 1076/662/935 1074/663/935 1073/656/935 1070/655/935
f 1077/664/936 1075/665/936 1074/663/936 1076/662/936
f 1069/654/937 1072/653/937 1075/666/937 1077/667/937
f 1079/613/938 1078/614/938 1081/615/938
f 1078/614/939 1080/616/939 1081/615/939
f 1082/617/940 1079/613/940 1081/615/940
f 1080/616/941 1082/617/941 1081/615/941
f 1083/618/942 1086/619/942 1089/620/942 1084/621/942
f 1083/622/943 1084/623/943 1092/624/943 1095/625/943 1085/626/943
f 1085/627/944 1088/628/944 1086/619/944 1083/618/944
f 1088/628/945 1097/629/945 1087/630/945 1086/619/945
f 1086/619/946 1087/630/946 1090/631/946 1089/620/946
f 1084/621/947 1089/620/947 1091/632/947 1092/633/947
f 1089/620/948 1090/631/948 1093/634/948 1091/632/948
f 1092/633/949 1091/632/949 1094/635/949 1095/636/949
f 1091/632/950 1093/634/950 1096/637/950 1094/635/950
f 1095/638/951 1094/639/951 1088/628/951 1085/627/951
f 1094/639/952 1096/640/952 1097/629/952 1088/628/952
f 1090/641/953 1087/642/953 1097/643/953 1096/644/953 1093/645/953
f 1099/613/954 1098/614/954 1101/615/954
f 1098/614/955 1100/616/955 1101/615/955
f 1102/617/956 1099/613/956 1101/615/956
f 1100/616/957 1102/617/957 1101/615/957
f 1103/646/893 1104/647/893 1112/648/893 1111/649/893 1105/650/893
f 1103/651/958 1106/652/958 1107/653/958 1104/654/958
f 1105/655/959 1108/656/959 1106/652/959 1103/651/959
f 1107/657/960 1106/658/960 1108/659/960 1109/660/960 1110/661/960
f 1111/662/961 1109/663/961 1108/656/961 1105/655/961
f 1112/664/962 1110/665/962 1109/663/962 1111/662/962
f 1104/654/963 1107/653/963 1110/666/963 1112/667/963
f 1114/613/964 1113/614/964 1116/615/964
f 1113/614/965 1115/616/965 1116/615/965
f 1117/617/966 1114/613/966 1116/615/966
f 1115/616/967 1117/617/967 1116/615/967
f 1118/618/968 1121/619/968 1124/620/968 1119/621/968
f 1118/622/893 1119/623/893 1127/624/893 1130/625/893 1120/626/893
f 1120/627/969 1123/628/969 1121/619/969 1118/618/969
f 1123/628/970 1132/629/970 1122/630/970 1121/619/970
f 1121/619/971 1122/630/971 1125/631/971 1124/620/971
f 1119/621/972 1124/620/972 1126/632/972 1127/633/972
f 1124/620/973 1125/631/973 1128/634/973 1126/632/973
f 1127/633/974 1126/632/974 1129/635/974 1130/636/974
f 1126/632/975 1128/634/975 1131/637/975 1129/635/975
f 1130/638/976 1129/639/976 1123/628/976 1120/627/976
f 1129/639/977 1131/640/977 1132/629/977 1123/628/977
f 1125/641/978 1122/642/978 1132/643/978 1131/644/978 1128/645/978
f 1134/613/979 1133/614/979 1136/615/979
f 1133/614/980 1135/616/980 1136/615/980
f 1137/617/981 1134/613/981 1136/615/981
f 1135/616/982 1137/617/982 1136/615/982
f 1138/646/983 1139/647/983 1147/648/983 1146/649/983 1140/650/983
f 1138/651/984 1141/652/984 1142/653/984 1139/654/984
f 1140/655/985 1143/656/985 1141/652/985 1138/651/985
f 1142/657/986 1141/658/986 1143/659/986 1144/660/986 1145/661/986
f 1146/662/987 1144/663/987 1143/656/987 1140/655/987
f 1147/664/988 1145/665/988 1144/663/988 1146/662/988
f 1139/654/989 1142/653/989 1145/666/989 1147/667/989
f 1149/613/990 1148/614/990 1151/615/990
f 1148/614/991 1150/616/991 1151/615/991
f 1152/617/992 1149/613/992 1151/615/992
f 1150/616/993 1152/617/993 1151/615/993
f 1153/646/893 1154/647/893 1162/648/893 1161/649/893 1155/650/893
f 1153/651/994 1156/652/994 1157/653/994 1154/654/994
f 1155/655/995 1158/656/995 1156/652/995 1153/651/995
f 1157/657/996 1156/658/996 1158/659/996 1159/660/996 1160/661/996
f 1161/662/997 1159/663/997 1158/656/997 1155/655/997
f 1162/664/998 1160/665/998 1159/663/998 1161/662/998
f 1154/654/999 1157/653/999 1160/666/999 1162/667/999
f 1164/613/1000 1163/614/1000 1166/615/1000
f 1163/614/1001 1165/616/1001 1166/615/1001
f 1167/617/1002 1164/613/1002 1166/615/1002
f 1165/616/1003 1167/617/1003 1166/615/1003
o Flower2.006
v 7.331347 0.130043 0.722196
v 7.173274 0.238078 0.762615
v 7.332609 0.119031 0.755397
v 7.171980 0.224953 0.795253
v 7.382885 0.035031 0.706622
v 7.382812 0.028866 0.722879
v 7.270820 0.194119 0.783388
v 7.267947 0.205466 0.742272
v 7.328475 0.121682 0.737078
v 7.151834 0.239874 0.780167
v 7.378035 0.029318 0.713681
v 7.268568 0.198071 0.761027
v 7.370895 0.129334 0.724806
v 7.288487 0.271049 0.733087
v 7.354979 0.118279 0.749693
v 7.266650 0.258237 0.754665
v 7.386673 0.035108 0.709076
v 7.378157 0.029263 0.720857
v 7.313852 0.195703 0.758843
v 7.331973 0.207882 0.727104
v 7.360273 0.122587 0.734025
v 7.265621 0.281776 0.740196
v 7.378551 0.031546 0.711800
v 7.322604 0.200676 0.740912
v 7.416296 0.105383 0.738573
v 7.457560 0.292410 0.692679
v 7.391943 0.105980 0.718536
v 7.436248 0.291658 0.666126
v 7.404689 0.029857 0.727925
v 7.393137 0.029786 0.717340
v 7.403838 0.204130 0.692182
v 7.435580 0.201996 0.715813
v 7.407246 0.104166 0.725926
v 7.457025 0.309873 0.672275
v 7.402317 0.029123 0.718986
v 7.421462 0.201434 0.703567
v 7.401462 0.100266 0.775370
v 7.471608 0.225231 0.815537
v 7.406729 0.104532 0.746957
v 7.476322 0.231743 0.788657
v 7.392859 0.028131 0.738781
v 7.398423 0.028700 0.727148
v 7.439857 0.176114 0.763850
v 7.435745 0.168374 0.800990
v 7.407456 0.100436 0.762228
v 7.488927 0.236547 0.807679
v 7.399158 0.026961 0.734616
v 7.438687 0.170276 0.783329
v 7.369059 0.105062 0.761750
v 7.331835 0.212627 0.850765
v 7.396522 0.099444 0.769963
v 7.355920 0.212738 0.865154
v 7.387083 0.030582 0.729724
v 7.397525 0.026446 0.736085
v 7.381594 0.166290 0.820095
v 7.347585 0.166566 0.802790
v 7.380770 0.100013 0.768536
v 7.334089 0.216508 0.872435
v 7.389841 0.026887 0.735820
v 7.363324 0.164465 0.811277
v 7.345733 0.098013 0.774988
v 7.290223 0.176198 0.893812
v 7.375266 0.094001 0.783010
v 7.315335 0.175747 0.909563
v 7.375934 0.034463 0.722538
v 7.387451 0.030013 0.728333
v 7.349373 0.145223 0.851930
v 7.313837 0.145453 0.832877
v 7.358711 0.092706 0.781019
v 7.291903 0.174364 0.917063
v 7.379348 0.029425 0.727847
v 7.330578 0.143222 0.841636
vn -0.6904 0.7132 0.1212
vn -0.6883 0.6787 0.2561
vn -0.5359 0.8002 0.2693
vn -0.5376 0.8273 0.1631
vn -0.5377 0.8272 0.1631
vn -0.5129 0.7731 0.3732
vn 0.0812 -0.7421 0.6654
vn -0.5580 -0.7521 -0.3506
vn -0.5128 0.7731 0.3732
vn -0.5180 0.8534 0.0583
vn 0.0762 0.0515 -0.9958
vn -0.3225 0.9448 0.0575
vn -0.3505 0.9280 0.1262
vn -0.3226 0.9448 0.0575
vn -0.1696 0.9672 0.1893
vn -0.3471 0.8723 0.3443
vn -0.3947 -0.7095 0.5838
vn -0.4759 -0.5376 -0.6961
vn -0.3630 0.8911 0.2724
vn -0.1063 0.9899 0.0939
vn 0.6056 -0.0126 -0.7957
vn -0.5377 0.8272 0.1630
vn 0.2637 0.9622 -0.0682
vn 0.1997 0.9739 -0.1079
vn 0.2636 0.9622 -0.0683
vn 0.3182 0.9479 -0.0174
vn 0.3915 0.9135 0.1106
vn 0.1156 0.9910 0.0679
vn 0.9121 -0.4091 -0.0254
vn 0.9381 -0.2766 0.2083
vn 0.1290 0.9825 -0.1346
vn 0.4087 0.8760 0.2562
vn 0.8889 -0.1338 0.4382
vn 0.3671 0.8410 0.3975
vn 0.3950 0.8579 0.3287
vn 0.3671 0.8410 0.3973
vn 0.3259 0.8262 0.4595
vn 0.2728 0.8140 0.5129
vn 0.3671 0.8410 0.3974
vn 0.7630 -0.3565 0.5392
vn 0.6292 -0.3875 0.6738
vn 0.3951 0.8578 0.3286
vn 0.2915 0.6756 0.6772
vn 0.4850 -0.2272 0.8445
vn 0.3951 0.8578 0.3287
vn -0.1552 0.8120 0.5627
vn -0.2361 0.6859 0.6883
vn -0.0845 0.8033 0.5895
vn -0.2191 0.8236 0.5232
vn -0.0098 0.7983 0.6022
vn 0.1406 0.7990 0.5846
vn 0.6293 -0.3875 0.6737
vn 0.2946 -0.4255 0.8557
vn -0.0098 0.7982 0.6023
vn -0.1551 0.8120 0.5627
vn 0.3050 -0.2423 0.9210
vn -0.0846 0.8034 0.5894
vn -0.4248 0.5552 0.7151
vn -0.3079 0.5337 0.7876
vn -0.2360 0.6859 0.6883
vn -0.4248 0.5551 0.7151
vn -0.2360 0.6859 0.6884
vn -0.0262 0.6662 0.7453
vn 0.4711 -0.4107 0.7806
vn -0.0856 -0.4273 0.9001
vn -0.1342 0.6736 0.7269
vn -0.3283 0.7027 0.6312
vn -0.6222 -0.1787 0.7622
vt 0.118817 0.041047
vt 0.140438 0.008666
vt 0.138269 0.185111
vt 0.109966 0.183536
vt 0.137018 0.326298
vt 0.163613 0.326148
vt 0.156617 0.477268
vt 0.142162 0.476928
vt 0.170350 0.184816
vt 0.112868 0.323943
vt 0.127855 0.475834
vt 0.167931 0.039096
s 1
usemtl Flowers
f 1169/668/1004 1177/669/1005 1179/670/1006 1175/671/1007
f 1176/672/1008 1170/673/1009 1173/674/1010 1178/675/1011
f 1176/672/1008 1179/670/1006 1174/676/1012 1170/673/1009
f 1168/677/1013 1175/671/1007 1179/670/1006 1176/672/1008
f 1168/677/1013 1176/672/1008 1178/675/1011 1172/678/1014
f 1179/670/1006 1177/669/1005 1171/679/1005 1174/676/1012
f 1181/668/1015 1189/669/1016 1191/670/1016 1187/671/1017
f 1188/672/1018 1182/673/1019 1185/674/1020 1190/675/1021
f 1188/672/1018 1191/670/1016 1186/676/1022 1182/673/1019
f 1180/677/1023 1187/671/1017 1191/670/1016 1188/672/1018
f 1180/677/1023 1188/672/1018 1190/675/1021 1184/678/1024
f 1191/670/1016 1189/669/1016 1183/679/1025 1186/676/1022
f 1193/668/1026 1201/669/1027 1203/670/1028 1199/671/1029
f 1200/672/1030 1194/673/1031 1197/674/1032 1202/675/1033
f 1200/672/1030 1203/670/1028 1198/676/1034 1194/673/1031
f 1192/677/1035 1199/671/1029 1203/670/1028 1200/672/1030
f 1192/677/1035 1200/672/1030 1202/675/1033 1196/678/1036
f 1203/670/1028 1201/669/1027 1195/679/1027 1198/676/1034
f 1205/668/1037 1213/669/1038 1215/670/1039 1211/671/1040
f 1212/672/1041 1206/673/1042 1209/674/1043 1214/675/1044
f 1212/672/1041 1215/670/1039 1210/676/1045 1206/673/1042
f 1204/677/1046 1211/671/1040 1215/670/1039 1212/672/1041
f 1204/677/1046 1212/672/1041 1214/675/1044 1208/678/1047
f 1215/670/1039 1213/669/1038 1207/679/1048 1210/676/1045
f 1217/668/1049 1225/669/1050 1227/670/1051 1223/671/1052
f 1224/672/1053 1218/673/1054 1221/674/1055 1226/675/1056
f 1224/672/1053 1227/670/1051 1222/676/1057 1218/673/1054
f 1216/677/1058 1223/671/1052 1227/670/1051 1224/672/1053
f 1216/677/1058 1224/672/1053 1226/675/1056 1220/678/1059
f 1227/670/1051 1225/669/1050 1219/679/1060 1222/676/1057
f 1229/668/1061 1237/669/1062 1239/670/1063 1235/671/1064
f 1236/672/1065 1230/673/1066 1233/674/1067 1238/675/1068
f 1236/672/1065 1239/670/1063 1234/676/1069 1230/673/1066
f 1228/677/1070 1235/671/1064 1239/670/1063 1236/672/1065
f 1228/677/1070 1236/672/1065 1238/675/1068 1232/678/1071
f 1239/670/1063 1237/669/1062 1231/679/1062 1234/676/1069
o Plane.006
v 7.917910 0.029128 0.418841
v 7.960526 0.049521 0.470983
v 7.882451 0.015090 0.386276
v 7.868182 0.009993 0.380374
v 7.924036 0.055822 0.476268
v 7.890754 0.059108 0.484887
v 7.957419 0.075173 0.580930
v 7.919471 0.077742 0.592056
v 7.982397 0.063736 0.675019
v 8.003538 0.069655 0.567446
v 8.012360 0.055685 0.666306
v 8.002784 0.036709 0.734027
v 7.990593 0.032423 0.758108
v 7.980899 0.025641 0.777208
v 7.961220 0.028642 0.766792
v 7.948326 0.066918 0.684999
v 7.913348 0.053654 0.695447
v 7.878950 0.063923 0.604144
v 7.888961 0.039804 0.702788
v 7.937429 0.028298 0.753349
v 7.839915 0.048596 0.615820
v 7.828753 0.033129 0.510356
v 7.841903 0.020967 0.441706
v 7.856891 0.046556 0.496775
v 7.858116 0.012925 0.393566
v 7.815590 0.043042 0.346406
v 7.775511 0.074074 0.315500
v 7.849179 0.020592 0.364971
v 7.862920 0.013892 0.367583
v 7.806118 0.085032 0.314524
v 7.834101 0.093787 0.309837
v 7.770040 0.139971 0.236678
v 7.803156 0.150073 0.229855
v 7.746655 0.168440 0.157320
v 7.729948 0.126072 0.243963
v 7.721077 0.155749 0.160156
v 7.729758 0.169868 0.099167
v 7.740393 0.177629 0.078703
v 7.749165 0.181141 0.061070
v 7.766548 0.180995 0.070970
v 7.776293 0.178227 0.151561
v 7.808249 0.175423 0.138636
v 7.840011 0.148084 0.215532
v 7.830954 0.169890 0.127672
v 7.787951 0.177358 0.081962
v 7.875642 0.144822 0.200889
v 7.889711 0.087767 0.281979
v 7.881791 0.049812 0.326926
v 7.864361 0.090982 0.296791
v 7.870777 0.022483 0.358548
v 7.827548 0.027076 0.424122
v 7.793337 0.041279 0.465549
v 7.849259 0.018395 0.390377
v 7.853332 0.016501 0.376636
v 7.788054 0.057345 0.437371
v 7.780579 0.070354 0.411119
v 7.700283 0.081279 0.477480
v 7.690853 0.095114 0.446225
v 7.615551 0.080885 0.500876
v 7.711246 0.062682 0.514882
v 7.621931 0.064879 0.524009
v 7.559177 0.062286 0.514443
v 7.537255 0.065732 0.504153
v 7.519297 0.065629 0.495102
v 7.528908 0.071631 0.478489
v 7.607224 0.094074 0.473044
v 7.595716 0.093748 0.440240
v 7.677773 0.096085 0.408627
v 7.586867 0.089659 0.416192
v 7.540606 0.075410 0.457341
v 7.664752 0.095538 0.371920
v 7.756478 0.068313 0.353892
v 7.805968 0.044458 0.359832
v 7.768871 0.070505 0.380349
v 7.842159 0.024571 0.369525
v 7.867141 0.064768 0.337163
v 7.878686 0.116663 0.309072
v 7.865524 0.026430 0.360232
v 7.868491 0.011588 0.370842
v 7.887586 0.119220 0.341217
v 7.899549 0.120041 0.368566
v 7.945757 0.201570 0.310343
v 7.962534 0.203306 0.347755
v 8.018966 0.230427 0.277946
v 7.927836 0.196264 0.262989
v 8.009440 0.220041 0.245179
v 8.074104 0.218353 0.245194
v 8.097902 0.219844 0.254892
v 8.118755 0.215813 0.261135
v 8.114152 0.212106 0.281924
v 8.033334 0.233067 0.312601
v 8.057873 0.210400 0.340969
v 7.988405 0.178776 0.380842
v 8.077707 0.187530 0.358740
v 8.110260 0.201134 0.305338
v 8.015804 0.152560 0.411471
v 7.939762 0.080727 0.409696
v 7.903768 0.040740 0.395343
v 7.918808 0.099390 0.391295
v 7.878237 0.017799 0.380102
v 7.825890 0.043098 0.386977
v 7.795513 0.073058 0.397727
v 7.850116 0.022396 0.375810
v 7.859311 0.016112 0.368708
v 7.807541 0.092408 0.383852
v 7.818490 0.107178 0.368167
v 7.748160 0.147684 0.371266
v 7.762834 0.163735 0.350042
v 7.686675 0.171971 0.339639
v 7.728965 0.125707 0.395378
v 7.672511 0.152411 0.354404
v 7.647646 0.162671 0.312944
v 7.644018 0.171050 0.294943
v 7.640721 0.173867 0.278948
v 7.656348 0.177052 0.274534
v 7.701985 0.187472 0.319814
v 7.715500 0.184731 0.291056
v 7.778495 0.161432 0.320185
v 7.724309 0.177626 0.268667
v 7.675080 0.176026 0.267536
v 7.792385 0.157241 0.289752
v 7.839220 0.095701 0.324904
v 7.851983 0.056904 0.343545
v 7.830401 0.102864 0.345293
v 7.859272 0.027270 0.360583
v 7.899817 0.036799 0.411142
v 7.922886 0.070894 0.450215
v 7.878448 0.015659 0.385541
v 7.866774 0.008375 0.378314
v 7.888093 0.092959 0.449241
v 7.854435 0.108143 0.450698
v 7.892975 0.138672 0.548404
v 7.849751 0.151922 0.548371
v 7.887750 0.133046 0.636640
v 7.945706 0.118285 0.550048
v 7.922434 0.112107 0.638071
v 7.889333 0.093649 0.693363
v 7.868272 0.092892 0.710469
v 7.851600 0.086310 0.724288
v 7.834424 0.092786 0.710077
v 7.848389 0.146297 0.635530
v 7.808199 0.130685 0.635823
v 7.803657 0.136576 0.547935
v 7.780240 0.111664 0.636426
v 7.814024 0.093414 0.692493
v 7.759009 0.118093 0.548959
v 7.792094 0.076377 0.450651
v 7.824448 0.042580 0.411304
v 7.820173 0.093802 0.449374
v 7.852639 0.018029 0.385563
v 7.891075 0.061480 0.307537
v 7.914260 0.102875 0.270349
v 7.876060 0.026258 0.352353
v 7.875065 0.011986 0.375208
v 7.930335 0.108496 0.317367
v 7.946908 0.108535 0.362472
v 8.014540 0.155571 0.287350
v 8.032264 0.154998 0.335450
v 8.109895 0.163241 0.253021
v 7.993789 0.152556 0.228007
v 8.097833 0.154701 0.212949
v 8.174941 0.139196 0.218721
v 8.203244 0.135782 0.232538
v 8.226745 0.127989 0.242343
v 8.218825 0.126647 0.267733
v 8.125534 0.163993 0.296494
v 8.146906 0.139973 0.335336
v 8.056535 0.129424 0.380962
v 8.163287 0.116323 0.360804
v 8.209606 0.118871 0.297028
v 8.080580 0.101668 0.424059
v 7.987333 0.059891 0.435241
v 7.939972 0.032647 0.417790
v 7.969079 0.084146 0.403612
v 7.894012 0.015718 0.392887
vn 0.0646 0.9023 -0.4263
vn 0.0795 0.9497 -0.3030
vn -0.0411 0.9127 -0.4065
vn -0.2127 0.9072 -0.3629
vn 0.0330 0.9486 -0.3148
vn -0.1926 0.9497 -0.2469
vn 0.1076 0.9925 -0.0577
vn -0.1282 0.9917 0.0088
vn 0.1985 0.9579 0.2076
vn 0.1453 0.9869 -0.0701
vn 0.2513 0.9505 0.1827
vn 0.3158 0.8992 0.3027
vn 0.1844 0.9223 0.3397
vn -0.0056 0.9170 0.3988
vn -0.1895 0.8737 0.4480
vn -0.0484 0.9612 0.2717
vn -0.2775 0.8952 0.3487
vn -0.3518 0.9327 0.0790
vn -0.3268 0.8759 0.3549
vn -0.3031 0.8202 0.4852
vn -0.3842 0.9190 0.0885
vn -0.4381 0.8870 -0.1458
vn -0.4694 0.8426 -0.2638
vn -0.4083 0.8944 -0.1826
vn -0.3816 0.8724 -0.3055
vn -0.1156 0.5840 0.8035
vn -0.1617 0.6898 0.7057
vn -0.0063 0.6010 0.7992
vn 0.1658 0.6298 0.7588
vn -0.1080 0.6852 0.7203
vn 0.1144 0.7369 0.6662
vn -0.2081 0.8363 0.5072
vn 0.0257 0.8908 0.4537
vn -0.3004 0.9175 0.2608
vn -0.2457 0.8224 0.5131
vn -0.3505 0.8943 0.2781
vn -0.4155 0.8983 0.1428
vn -0.2882 0.9495 0.1242
vn -0.1002 0.9922 0.0744
vn 0.0858 0.9962 0.0155
vn -0.0578 0.9755 0.2124
vn 0.1739 0.9775 0.1193
vn 0.2521 0.8935 0.3715
vn 0.2239 0.9688 0.1067
vn 0.2034 0.9783 -0.0395
vn 0.2841 0.8892 0.3585
vn 0.3561 0.7505 0.5567
vn 0.4015 0.6455 0.6497
vn 0.3294 0.7363 0.5910
vn 0.3216 0.6409 0.6970
vn 0.6407 0.7237 0.2563
vn 0.5040 0.8048 0.3135
vn 0.6283 0.7585 0.1730
vn 0.5867 0.8097 0.0157
vn 0.5186 0.8114 0.2696
vn 0.4504 0.8904 0.0655
vn 0.2487 0.8901 0.3820
vn 0.1816 0.9698 0.1629
vn -0.0200 0.8800 0.4746
vn 0.2588 0.8727 0.4141
vn 0.0031 0.8537 0.5208
vn -0.1272 0.8066 0.5772
vn -0.1596 0.8733 0.4603
vn -0.2192 0.9345 0.2805
vn -0.2761 0.9564 0.0950
vn -0.0824 0.9663 0.2437
vn -0.1711 0.9852 0.0112
vn 0.1001 0.9930 -0.0631
vn -0.1804 0.9828 -0.0401
vn -0.3231 0.9460 -0.0268
vn 0.0871 0.9916 -0.0960
vn 0.3345 0.9265 -0.1723
vn 0.4752 0.8515 -0.2218
vn 0.3768 0.9146 -0.1467
vn 0.5228 0.8394 -0.1485
vn -0.8945 0.3120 0.3202
vn -0.8323 0.4937 0.2522
vn -0.8626 0.2779 0.4227
vn -0.7623 0.2460 0.5987
vn -0.8276 0.4613 0.3199
vn -0.6896 0.4455 0.5709
vn -0.5694 0.8107 0.1362
vn -0.4029 0.7848 0.4709
vn -0.1390 0.9862 -0.0894
vn -0.5830 0.8094 0.0699
vn -0.1826 0.9685 -0.1694
vn 0.0344 0.9551 -0.2942
vn 0.1112 0.9858 -0.1258
vn 0.2526 0.9581 0.1349
vn 0.3736 0.8562 0.3570
vn 0.0157 0.9648 0.2627
vn 0.2218 0.8154 0.5346
vn -0.1998 0.6427 0.7396
vn 0.2487 0.7695 0.5882
vn 0.4474 0.7682 0.4580
vn -0.1783 0.6105 0.7717
vn -0.4952 0.3333 0.8023
vn -0.5862 0.2044 0.7840
vn -0.5364 0.3419 0.7716
vn -0.6580 0.2175 0.7209
vn 0.5557 0.2569 0.7907
vn 0.4539 0.3739 0.8088
vn 0.6415 0.3000 0.7061
vn 0.7511 0.3502 0.5596
vn 0.4838 0.4189 0.7684
vn 0.6342 0.5513 0.5421
vn 0.1516 0.6670 0.7294
vn 0.3483 0.8246 0.4458
vn -0.2509 0.8038 0.5394
vn 0.1258 0.6228 0.7722
vn -0.2749 0.7459 0.6067
vn -0.4940 0.7336 0.4667
vn -0.4078 0.8432 0.3502
vn -0.2633 0.9581 0.1129
vn -0.1090 0.9843 -0.1388
vn -0.0391 0.9673 0.2506
vn 0.1324 0.9864 -0.0975
vn 0.5246 0.8435 0.1155
vn 0.1848 0.9695 -0.1611
vn -0.0336 0.9547 -0.2957
vn 0.5518 0.8316 0.0624
vn 0.8093 0.5417 0.2274
vn 0.8740 0.3999 0.2758
vn 0.7825 0.5554 0.2814
vn 0.8360 0.3875 0.3885
vn 0.3579 0.5742 -0.7363
vn 0.3881 0.7033 -0.5956
vn 0.2306 0.5955 -0.7696
vn 0.0453 0.6003 -0.7985
vn 0.3234 0.7307 -0.6013
vn 0.0104 0.8014 -0.5980
vn 0.3729 0.9134 -0.1631
vn -0.0106 0.9851 -0.1714
vn 0.3495 0.8828 0.3139
vn 0.4294 0.8867 -0.1716
vn 0.4273 0.8528 0.3003
vn 0.4160 0.7523 0.5109
vn 0.2640 0.8086 0.5258
vn -0.0130 0.8384 0.5449
vn -0.2987 0.7929 0.5312
vn -0.0224 0.9529 0.3025
vn -0.3901 0.8648 0.3162
vn -0.3920 0.9036 -0.1730
vn -0.4651 0.8304 0.3067
vn -0.4571 0.7208 0.5210
vn -0.4496 0.8774 -0.1675
vn -0.3685 0.7016 -0.6099
vn -0.3031 0.5520 -0.7768
vn -0.3024 0.7198 -0.6248
vn -0.1728 0.5780 -0.7975
vn -0.7721 0.6022 0.2030
vn -0.6122 0.7778 0.1422
vn -0.7477 0.6026 0.2790
vn -0.6747 0.5762 0.4613
vn -0.6186 0.7621 0.1912
vn -0.5163 0.7431 0.4258
vn -0.2712 0.9613 0.0495
vn -0.1687 0.9317 0.3216
vn 0.0842 0.9912 -0.1019
vn -0.2872 0.9579 0.0037
vn 0.0507 0.9856 -0.1616
vn 0.2161 0.9434 -0.2516
vn 0.2683 0.9563 -0.1165
vn 0.3599 0.9288 0.0883
vn 0.4407 0.8530 0.2797
vn 0.1830 0.9672 0.1762
vn 0.3129 0.8559 0.4118
vn -0.0416 0.8272 0.5604
vn 0.3289 0.8235 0.4622
vn 0.4960 0.7795 0.3825
vn -0.0242 0.8044 0.5936
vn -0.3743 0.6404 0.6706
vn -0.5422 0.4937 0.6799
vn -0.4092 0.6500 0.6404
vn -0.5839 0.5279 0.6167
vt 0.871822 0.675675
vt 0.900071 0.639524
vt 0.884319 0.721482
vt 0.850231 0.719986
vt 0.916223 0.627939
vt 0.917463 0.722581
vt 0.918626 0.809151
vt 0.882954 0.809588
vt 0.839583 0.810049
vt 0.919583 0.895690
vt 0.887781 0.897571
vt 0.858812 0.900127
vt 0.906388 0.976048
vt 0.888269 0.958956
vt 0.920733 0.990427
vt 0.954449 0.896983
vt 0.934727 0.975713
vt 0.958523 0.808625
vt 0.997563 0.808043
vt 0.980561 0.898674
vt 0.952433 0.958169
vt 0.953936 0.720372
vt 0.984565 0.718221
vt 0.932674 0.639094
vt 0.961804 0.674546
vt 0.871822 0.675675
vt 0.884319 0.721483
vt 0.850231 0.719986
vt 0.916223 0.627939
vt 0.917463 0.722581
vt 0.918626 0.809151
vt 0.882954 0.809589
vt 0.919583 0.895690
vt 0.887781 0.897571
vt 0.858812 0.900127
vt 0.906388 0.976048
vt 0.920732 0.990427
vt 0.954449 0.896984
vt 0.934727 0.975713
vt 0.958523 0.808624
vt 0.997563 0.808043
vt 0.980561 0.898674
vt 0.984565 0.718221
vt 0.932674 0.639094
vt 0.961804 0.674546
vt 0.884319 0.721483
vt 0.850231 0.719986
vt 0.916223 0.627940
vt 0.917463 0.722581
vt 0.882954 0.809588
vt 0.839583 0.810049
vt 0.919583 0.895690
vt 0.887781 0.897571
vt 0.858812 0.900127
vt 0.906388 0.976048
vt 0.934727 0.975714
vt 0.997563 0.808043
vt 0.980561 0.898674
vt 0.953936 0.720372
vt 0.984565 0.718221
vt 0.886112 0.719056
vt 0.851941 0.722290
vt 0.917412 0.718486
vt 0.918626 0.809151
vt 0.882954 0.809589
vt 0.839583 0.810049
vt 0.919583 0.895690
vt 0.887781 0.897571
vt 0.858812 0.900127
vt 0.906388 0.976048
vt 0.920733 0.990427
vt 0.954449 0.896984
vt 0.934727 0.975714
vt 0.958523 0.808625
vt 0.997563 0.808043
vt 0.980561 0.898674
vt 0.952433 0.958169
vt 0.951749 0.718040
vt 0.982913 0.720581
vt 0.932674 0.639094
vt 0.884319 0.721483
vt 0.850231 0.719986
vt 0.916223 0.627939
vt 0.917463 0.722581
vt 0.918626 0.809151
vt 0.919583 0.895690
vt 0.906388 0.976048
vt 0.920733 0.990427
vt 0.954449 0.896984
vt 0.997563 0.808043
vt 0.953936 0.720372
vt 0.984565 0.718221
vt 0.932674 0.639094
vt 0.884319 0.721483
vt 0.916223 0.627939
vt 0.917464 0.722581
vt 0.918626 0.809151
vt 0.882954 0.809588
vt 0.839583 0.810049
vt 0.887781 0.897571
vt 0.858812 0.900127
vt 0.906388 0.976048
vt 0.920733 0.990427
vt 0.954449 0.896983
vt 0.934727 0.975714
vt 0.958523 0.808624
vt 0.997563 0.808043
vt 0.980561 0.898674
vt 0.953936 0.720372
vt 0.984565 0.718221
vt 0.932674 0.639094
vt 0.917464 0.722581
vt 0.918626 0.809151
vt 0.882954 0.809588
vt 0.919582 0.895690
vt 0.858812 0.900127
vt 0.906388 0.976048
vt 0.954449 0.896984
vt 0.958523 0.808625
vt 0.997563 0.808043
vt 0.980561 0.898674
vt 0.953936 0.720372
vt 0.984565 0.718221
vt 0.932674 0.639094
s 1
usemtl Flowers
f 1240/680/1072 1242/681/1074 1244/682/1076 1241/683/1073
f 1243/684/1075 1245/685/1077 1244/682/1076 1242/681/1074
f 1245/685/1077 1247/686/1079 1246/687/1078 1244/682/1076
f 1241/683/1073 1244/682/1076 1246/687/1078 1249/688/1081
f 1247/686/1079 1255/689/1087 1248/690/1080 1246/687/1078
f 1249/688/1081 1246/687/1078 1248/690/1080 1250/691/1082
f 1250/691/1082 1248/690/1080 1252/692/1084 1251/693/1083
f 1255/689/1087 1253/694/1085 1252/692/1084 1248/690/1080
f 1256/695/1088 1254/696/1086 1253/694/1085 1255/689/1087
f 1257/697/1089 1256/695/1088 1255/689/1087 1247/686/1079
f 1257/697/1089 1260/698/1092 1258/699/1090 1256/695/1088
f 1256/695/1088 1258/699/1090 1259/700/1091 1254/696/1086
f 1263/701/1095 1261/702/1093 1260/698/1092 1257/697/1089
f 1264/703/1096 1262/704/1094 1261/702/1093 1263/701/1095
f 1264/703/1096 1263/701/1095 1245/685/1077 1243/684/1075
f 1263/701/1095 1257/697/1089 1247/686/1079 1245/685/1077
f 1265/705/1097 1267/681/1099 1269/706/1101 1266/707/1098
f 1268/708/1100 1270/709/1102 1269/706/1101 1267/681/1099
f 1270/709/1102 1272/710/1104 1271/711/1103 1269/706/1101
f 1266/707/1098 1269/706/1101 1271/711/1103 1274/688/1106
f 1272/710/1104 1280/712/1112 1273/713/1105 1271/711/1103
f 1274/688/1106 1271/711/1103 1273/713/1105 1275/714/1107
f 1275/714/1107 1273/713/1105 1277/715/1109 1276/693/1108
f 1280/712/1112 1278/716/1110 1277/715/1109 1273/713/1105
f 1281/717/1113 1279/718/1111 1278/716/1110 1280/712/1112
f 1282/719/1114 1281/717/1113 1280/712/1112 1272/710/1104
f 1282/719/1114 1285/720/1117 1283/721/1115 1281/717/1113
f 1281/717/1113 1283/721/1115 1284/700/1116 1279/718/1111
f 1288/701/1120 1286/722/1118 1285/720/1117 1282/719/1114
f 1289/723/1121 1287/724/1119 1286/722/1118 1288/701/1120
f 1289/723/1121 1288/701/1120 1270/709/1102 1268/708/1100
f 1288/701/1120 1282/719/1114 1272/710/1104 1270/709/1102
f 1290/680/1122 1292/681/1124 1294/725/1126 1291/726/1123
f 1293/727/1125 1295/728/1127 1294/725/1126 1292/681/1124
f 1295/728/1127 1297/686/1129 1296/729/1128 1294/725/1126
f 1291/726/1123 1294/725/1126 1296/729/1128 1299/730/1131
f 1297/686/1129 1305/731/1137 1298/732/1130 1296/729/1128
f 1299/730/1131 1296/729/1128 1298/732/1130 1300/733/1132
f 1300/733/1132 1298/732/1130 1302/734/1134 1301/693/1133
f 1305/731/1137 1303/694/1135 1302/734/1134 1298/732/1130
f 1306/717/1138 1304/735/1136 1303/694/1135 1305/731/1137
f 1307/719/1139 1306/717/1138 1305/731/1137 1297/686/1129
f 1307/719/1139 1310/736/1142 1308/737/1140 1306/717/1138
f 1306/717/1138 1308/737/1140 1309/700/1141 1304/735/1136
f 1313/738/1145 1311/739/1143 1310/736/1142 1307/719/1139
f 1314/723/1146 1312/724/1144 1311/739/1143 1313/738/1145
f 1314/723/1146 1313/738/1145 1295/728/1127 1293/727/1125
f 1313/738/1145 1307/719/1139 1297/686/1129 1295/728/1127
f 1315/705/1147 1317/681/1149 1319/740/1151 1316/741/1148
f 1318/684/1150 1320/742/1152 1319/740/1151 1317/681/1149
f 1320/742/1152 1322/743/1154 1321/744/1153 1319/740/1151
f 1316/741/1148 1319/740/1151 1321/744/1153 1324/745/1156
f 1322/743/1154 1330/746/1162 1323/747/1155 1321/744/1153
f 1324/745/1156 1321/744/1153 1323/747/1155 1325/748/1157
f 1325/748/1157 1323/747/1155 1327/749/1159 1326/693/1158
f 1330/746/1162 1328/750/1160 1327/749/1159 1323/747/1155
f 1331/751/1163 1329/752/1161 1328/750/1160 1330/746/1162
f 1332/753/1164 1331/751/1163 1330/746/1162 1322/743/1154
f 1332/753/1164 1335/754/1167 1333/755/1165 1331/751/1163
f 1331/751/1163 1333/755/1165 1334/756/1166 1329/752/1161
f 1338/757/1170 1336/758/1168 1335/754/1167 1332/753/1164
f 1339/759/1171 1337/724/1169 1336/758/1168 1338/757/1170
f 1339/759/1171 1338/757/1170 1320/742/1152 1318/684/1150
f 1338/757/1170 1332/753/1164 1322/743/1154 1320/742/1152
f 1340/705/1172 1342/681/1174 1344/760/1176 1341/761/1173
f 1343/762/1175 1345/763/1177 1344/760/1176 1342/681/1174
f 1345/763/1177 1347/764/1179 1346/687/1178 1344/760/1176
f 1341/761/1173 1344/760/1176 1346/687/1178 1349/745/1181
f 1347/764/1179 1355/765/1187 1348/690/1180 1346/687/1178
f 1349/745/1181 1346/687/1178 1348/690/1180 1350/733/1182
f 1350/733/1182 1348/690/1180 1352/766/1184 1351/693/1183
f 1355/765/1187 1353/767/1185 1352/766/1184 1348/690/1180
f 1356/768/1188 1354/718/1186 1353/767/1185 1355/765/1187
f 1357/753/1189 1356/768/1188 1355/765/1187 1347/764/1179
f 1357/753/1189 1360/769/1192 1358/737/1190 1356/768/1188
f 1356/768/1188 1358/737/1190 1359/700/1191 1354/718/1186
f 1363/770/1195 1361/771/1193 1360/769/1192 1357/753/1189
f 1364/772/1196 1362/724/1194 1361/771/1193 1363/770/1195
f 1364/772/1196 1363/770/1195 1345/763/1177 1343/762/1175
f 1363/770/1195 1357/753/1189 1347/764/1179 1345/763/1177
f 1365/705/1197 1367/681/1199 1369/773/1201 1366/707/1198
f 1368/774/1200 1370/775/1202 1369/773/1201 1367/681/1199
f 1370/775/1202 1372/776/1204 1371/777/1203 1369/773/1201
f 1366/707/1198 1369/773/1201 1371/777/1203 1374/778/1206
f 1372/776/1204 1380/746/1212 1373/779/1205 1371/777/1203
f 1374/778/1206 1371/777/1203 1373/779/1205 1375/780/1207
f 1375/780/1207 1373/779/1205 1377/781/1209 1376/693/1208
f 1380/746/1212 1378/782/1210 1377/781/1209 1373/779/1205
f 1381/783/1213 1379/784/1211 1378/782/1210 1380/746/1212
f 1382/785/1214 1381/783/1213 1380/746/1212 1372/776/1204
f 1382/785/1214 1385/786/1217 1383/787/1215 1381/783/1213
f 1381/783/1213 1383/787/1215 1384/756/1216 1379/784/1211
f 1388/788/1220 1386/789/1218 1385/786/1217 1382/785/1214
f 1389/790/1221 1387/724/1219 1386/789/1218 1388/788/1220
f 1389/790/1221 1388/788/1220 1370/775/1202 1368/774/1200
f 1388/788/1220 1382/785/1214 1372/776/1204 1370/775/1202
f 1390/705/1222 1392/681/1224 1394/725/1226 1391/726/1223
f 1393/684/1225 1395/791/1227 1394/725/1226 1392/681/1224
f 1395/791/1227 1397/792/1229 1396/793/1228 1394/725/1226
f 1391/726/1223 1394/725/1226 1396/793/1228 1399/778/1231
f 1397/792/1229 1405/794/1237 1398/713/1230 1396/793/1228
f 1399/778/1231 1396/793/1228 1398/713/1230 1400/795/1232
f 1400/795/1232 1398/713/1230 1402/796/1234 1401/693/1233
f 1405/794/1237 1403/716/1235 1402/796/1234 1398/713/1230
f 1406/797/1238 1404/718/1236 1403/716/1235 1405/794/1237
f 1407/798/1239 1406/797/1238 1405/794/1237 1397/792/1229
f 1407/798/1239 1410/799/1242 1408/800/1240 1406/797/1238
f 1406/797/1238 1408/800/1240 1409/700/1241 1404/718/1236
f 1413/801/1245 1411/802/1243 1410/799/1242 1407/798/1239
f 1414/803/1246 1412/704/1244 1411/802/1243 1413/801/1245
f 1414/803/1246 1413/801/1245 1395/791/1227 1393/684/1225
f 1413/801/1245 1407/798/1239 1397/792/1229 1395/791/1227
o Plane.007
v 6.741374 0.126987 0.768419
v 6.697428 0.161080 0.758465
v 6.786591 0.101070 0.771969
v 6.805895 0.092709 0.767613
v 6.724592 0.175269 0.741185
v 6.815450 0.054711 0.767718
v 6.824434 0.050820 0.765691
v 6.826301 0.056086 0.757400
v 6.809907 0.104023 0.749796
v 6.774224 0.180476 0.693130
v 6.804849 0.135026 0.708058
v 6.792316 0.173097 0.668231
v 6.736803 0.237747 0.600430
v 6.650916 0.275430 0.543119
v 6.712195 0.244188 0.631436
v 6.636452 0.283427 0.564694
v 6.686168 0.248829 0.662501
v 6.658379 0.238439 0.683460
v 6.614263 0.288657 0.592191
v 6.750662 0.185471 0.721884
v 6.533096 0.299079 0.508226
v 6.589132 0.278531 0.610565
v 6.565886 0.264661 0.623979
v 6.535412 0.294487 0.530487
v 6.537454 0.284639 0.556357
v 6.624054 0.223468 0.707649
v 6.555653 0.297050 0.511240
v 6.582488 0.290342 0.513531
v 6.779946 0.099514 0.820648
v 6.758906 0.133057 0.837210
v 6.800082 0.072517 0.799668
v 6.806248 0.063689 0.787406
v 6.767277 0.140962 0.813093
v 6.821728 0.041424 0.780608
v 6.824598 0.037315 0.774902
v 6.822443 0.041867 0.769217
v 6.801617 0.073468 0.775191
v 6.769883 0.142305 0.760550
v 6.784124 0.102104 0.754014
v 6.765152 0.136929 0.737600
v 6.714911 0.201865 0.727548
v 6.648512 0.250944 0.739920
v 6.719144 0.206904 0.757292
v 6.653579 0.256568 0.759126
v 6.722291 0.210860 0.787862
v 6.716254 0.205382 0.814222
v 6.657042 0.260746 0.785709
v 6.773218 0.146389 0.788549
v 6.573894 0.292403 0.781726
v 6.651135 0.255331 0.809249
v 6.642915 0.247474 0.829181
v 6.585497 0.285916 0.792883
v 6.597705 0.275193 0.806316
v 6.707489 0.197265 0.845907
v 6.586829 0.286742 0.771635
v 6.600670 0.277031 0.759041
v 6.893981 0.149691 0.719412
v 6.911144 0.199744 0.678405
v 6.877251 0.110644 0.755204
v 6.878451 0.099847 0.771741
v 6.924534 0.211350 0.715601
v 6.863105 0.057091 0.767474
v 6.863884 0.051925 0.774891
v 6.871725 0.058556 0.780364
v 6.894851 0.112185 0.787091
v 6.972420 0.208742 0.785399
v 6.948701 0.149369 0.808988
v 6.998589 0.196291 0.812917
v 7.115854 0.271531 0.771944
v 7.237521 0.308049 0.674910
v 7.081770 0.288594 0.732284
v 7.220106 0.322986 0.647656
v 7.048317 0.303401 0.699077
v 7.024221 0.296604 0.653786
v 7.191044 0.338683 0.599371
v 6.946734 0.219445 0.758563
v 7.313791 0.343062 0.512721
v 7.175826 0.332785 0.569912
v 7.163906 0.321347 0.534333
v 7.287364 0.341153 0.511113
v 7.256109 0.333772 0.508200
v 7.000258 0.286210 0.605950
v 7.305140 0.338444 0.545888
v 7.294678 0.327793 0.585157
v 6.943937 0.099748 0.793764
v 6.986852 0.118760 0.807123
v 6.901689 0.084840 0.788429
v 6.884583 0.078415 0.791656
v 6.967449 0.125776 0.829431
v 6.869012 0.047158 0.775378
v 6.861052 0.044169 0.776880
v 6.860987 0.045369 0.785431
v 6.884442 0.080996 0.810031
v 6.930670 0.116439 0.875699
v 6.896988 0.089283 0.852570
v 6.916669 0.103116 0.895031
v 6.979105 0.123581 0.962328
v 7.062528 0.124331 1.007633
v 6.997918 0.137858 0.936989
v 7.073855 0.137226 0.991620
v 7.017677 0.150637 0.910767
v 7.037791 0.147871 0.886849
v 7.090781 0.149481 0.968925
v 6.948608 0.128857 0.851748
v 7.168929 0.119664 1.026010
v 7.108924 0.146200 0.947490
v 7.125419 0.138350 0.928857
v 7.164224 0.124486 1.007462
v 7.158678 0.126531 0.984230
v 7.062499 0.142170 0.857874
v 7.149253 0.121149 1.026214
v 7.125369 0.119106 1.025951
v 6.830687 0.082440 0.878682
v 6.819643 0.115936 0.940322
v 6.832858 0.058640 0.817531
v 6.826203 0.051220 0.792436
v 6.793999 0.136517 0.910757
v 6.836129 0.034832 0.787501
v 6.833032 0.031378 0.775823
v 6.822005 0.037372 0.775203
v 6.802508 0.064100 0.791104
v 6.728424 0.146709 0.854383
v 6.748068 0.097302 0.806740
v 6.696138 0.138152 0.832777
v 6.611233 0.201470 0.919461
v 6.544972 0.227088 1.037941
v 6.651897 0.208353 0.948438
v 6.572679 0.236705 1.055452
v 6.692945 0.212760 0.978840
v 6.722908 0.197165 1.009554
v 6.608824 0.242147 1.081515
v 6.766301 0.151750 0.881994
v 6.511250 0.232014 1.191478
v 6.635260 0.227078 1.109208
v 6.655647 0.207181 1.134313
v 6.539243 0.229048 1.185804
v 6.572248 0.219893 1.179190
v 6.757985 0.175073 1.047249
v 6.512897 0.233787 1.162864
v 6.513632 0.230437 1.128149
v 6.890324 0.083752 0.820753
v 6.912988 0.102473 0.850395
v 6.864222 0.061572 0.802085
v 6.850223 0.054092 0.798291
v 6.887837 0.111129 0.852982
v 6.850150 0.032403 0.785317
v 6.843636 0.028923 0.783552
v 6.839212 0.032469 0.788603
v 6.840717 0.061714 0.809147
v 6.837580 0.110579 0.868579
v 6.826336 0.084139 0.839977
v 6.817332 0.103052 0.879133
v 6.827615 0.151960 0.945044
v 6.863714 0.182422 1.013888
v 6.854407 0.159358 0.932576
v 6.880337 0.190096 1.004350
v 6.882293 0.165468 0.920529
v 6.908879 0.159872 0.915718
v 6.904376 0.196310 0.993411
v 6.862989 0.116738 0.857256
v 6.929930 0.204800 1.078302
v 6.928267 0.190674 0.989443
v 6.949432 0.181903 0.988135
v 6.936248 0.202131 1.062360
v 6.944316 0.195648 1.043992
v 6.941275 0.151272 0.910897
v 6.915844 0.202254 1.068490
v 6.898918 0.195923 1.057631
v 6.811039 0.138500 0.748729
v 6.798237 0.173194 0.733076
v 6.828162 0.109832 0.764955
v 6.838828 0.100337 0.770361
v 6.820044 0.178403 0.744145
v 6.834796 0.058789 0.764454
v 6.839759 0.054370 0.766970
v 6.845338 0.058702 0.766201
v 6.850817 0.109646 0.768708
v 6.868727 0.177463 0.751461
v 6.872712 0.137994 0.758946
v 6.890430 0.172438 0.748349
v 6.905737 0.239611 0.713091
v 6.901395 0.295357 0.658539
v 6.877751 0.244631 0.715084
v 6.883149 0.300433 0.662335
v 6.849077 0.248845 0.715840
v 6.825009 0.245598 0.707087
v 6.858161 0.304667 0.663772
v 6.842430 0.181679 0.752640
v 6.870288 0.346315 0.592625
v 6.836706 0.301363 0.655402
v 6.818780 0.296034 0.644853
v 6.858691 0.338953 0.601283
v 6.844837 0.327670 0.609642
v 6.796191 0.240510 0.694943
v 6.878356 0.338792 0.604541
v 6.888592 0.327311 0.616891
vn -0.5814 0.8136 0.0033
vn -0.6427 0.7605 -0.0924
vn -0.4187 0.9036 0.0908
vn -0.5896 0.8037 0.0807
vn -0.0251 0.9565 0.2906
vn 0.0172 0.9597 0.2806
vn 0.0415 0.9188 0.3925
vn -0.1936 0.9676 0.1623
vn -0.0487 0.9414 0.3336
vn -0.0052 0.9459 0.3244
vn -0.2874 0.9190 -0.2699
vn -0.2423 0.9115 -0.3324
vn -0.2126 0.9305 -0.2982
vn -0.1331 0.9370 -0.3230
vn -0.1539 0.9180 0.3656
vn -0.4526 0.8781 -0.1554
vn -0.0338 0.9917 -0.1242
vn 0.1594 0.7859 0.5974
vn -0.4296 0.8855 -0.1770
vn 0.2852 0.9465 0.1513
vn 0.4228 0.7482 0.5113
vn -0.4178 0.8838 -0.2105
vn -0.5013 0.8546 -0.1352
vn -0.5565 0.8301 -0.0351
vn 0.1196 0.9713 0.2058
vn -0.3117 0.9486 0.0547
vn -0.2359 0.9220 -0.3070
vn -0.3054 0.9069 -0.2904
vn -0.6351 0.6522 0.4139
vn -0.0859 0.9364 0.3402
vn -0.4964 0.8242 0.2727
vn -0.3532 0.8635 0.3600
vn 0.0716 0.9421 0.3276
vn -0.0423 0.9492 0.3117
vn -0.0047 0.9517 0.3070
vn -0.3166 0.9385 0.1379
vn -0.0674 0.9421 0.3286
vn -0.0492 0.9624 0.2673
vn -0.5034 0.8604 -0.0797
vn -0.5672 0.7979 -0.2039
vn -0.4542 0.8748 -0.1685
vn -0.4756 0.8729 -0.1089
vn -0.1407 0.9834 0.1144
vn -0.1363 0.9738 0.1822
vn 0.1703 0.8645 0.4729
vn -0.3370 0.9385 0.0753
vn -0.3016 0.9503 0.0776
vn -0.3727 0.8697 0.3235
vn -0.2916 0.9423 0.1643
vn 0.3632 0.8972 0.2512
vn 0.4084 0.8336 0.3718
vn -0.5965 0.7890 0.1469
vn -0.3526 0.8906 0.2871
vn -0.4088 0.8868 0.2156
vn -0.5949 0.7606 0.2601
vn 0.2167 0.9727 0.0835
vn 0.3021 0.9109 -0.2811
vn 0.4359 0.8362 -0.3327
vn 0.1262 0.9919 -0.0114
vn 0.1149 0.9885 -0.0978
vn 0.0779 0.9613 0.2642
vn 0.2943 0.9447 0.1447
vn -0.0471 0.9427 0.3302
vn 0.0775 0.9553 0.2853
vn 0.0272 0.9558 0.2927
vn 0.0048 0.9426 0.3339
vn 0.1426 0.9321 0.3328
vn 0.0779 0.9551 0.2858
vn 0.3751 0.9229 0.0872
vn 0.0276 0.9322 0.3609
vn -0.1791 0.8648 0.4691
vn 0.6521 0.7480 0.1235
vn 0.5432 0.8333 -0.1026
vn 0.5876 0.8081 -0.0409
vn -0.2395 0.7678 0.5942
vn 0.2626 0.9346 0.2400
vn 0.5301 0.8250 -0.1957
vn 0.5882 0.7843 0.1973
vn 0.4634 0.8761 0.1330
vn -0.2746 0.9500 -0.1487
vn 0.4703 0.8677 -0.1612
vn -0.3271 0.9440 0.0434
vn 0.4197 0.9021 -0.1005
vn -0.4737 0.8363 0.2761
vn 0.6722 0.7165 0.1864
vn -0.0967 0.9452 0.3119
vn 0.6179 0.7003 0.3575
vn 0.6331 0.7495 0.1938
vn 0.0907 0.9416 0.3244
vn 0.4266 0.7705 0.4737
vn -0.0763 0.9387 0.3363
vn 0.0185 0.9519 0.3060
vn 0.0045 0.9409 0.3387
vn 0.0169 0.9479 0.3182
vn 0.4709 0.5599 0.6818
vn 0.3979 0.5881 0.7042
vn 0.4804 0.6559 0.5823
vn 0.0242 0.9808 0.1934
vn 0.5100 0.6293 0.5864
vn -0.0000 0.8833 0.4688
vn -0.1664 0.9853 0.0383
vn -0.4965 0.8480 0.1857
vn 0.5563 0.6587 0.5066
vn -0.0317 0.9081 0.4175
vn 0.0843 0.9701 0.2276
vn 0.3467 0.5767 0.7397
vn 0.4459 0.6068 0.6580
vn 0.5987 0.6926 0.4023
vn 0.6225 0.7478 0.2308
vn 0.4818 0.6227 0.6165
vn 0.5434 0.6426 0.5401
vn 0.5293 0.6754 0.5134
vn -0.1004 0.5137 0.8521
vn 0.0123 0.9274 0.3739
vn -0.1206 0.8746 0.4696
vn 0.1322 0.9432 0.3048
vn -0.0288 0.9421 0.3341
vn -0.3292 0.8055 0.4927
vn 0.0803 0.9622 0.2603
vn 0.1017 0.9358 0.3376
vn 0.0170 0.9615 0.2742
vn -0.0342 0.9502 0.3097
vn -0.6612 0.6994 0.2714
vn -0.6048 0.7300 0.3183
vn -0.5016 0.7653 0.4034
vn -0.1902 0.8910 0.4123
vn -0.4785 0.7239 0.4970
vn 0.1989 0.9031 0.3806
vn 0.2738 0.9253 -0.2624
vn -0.3201 0.6446 0.6943
vn -0.1404 0.8789 0.4559
vn -0.1351 0.7987 0.5864
vn -0.4325 0.6203 0.6544
vn 0.3481 0.8239 0.4473
vn -0.1277 0.9782 -0.1639
vn 0.2469 0.9241 0.2917
vn -0.1108 0.5833 0.8047
vn 0.5067 0.8615 0.0336
vn 0.0597 0.9979 -0.0238
vn -0.0092 0.9842 0.1768
vn -0.0212 0.9554 0.2947
vn -0.0226 0.9469 0.3209
vn 0.4285 0.6064 0.6698
vn 0.5357 0.6218 0.5713
vn 0.0018 0.9536 0.3009
vn 0.1717 0.7210 0.6713
vn 0.0813 0.9242 0.3732
vn 0.0084 0.9297 0.3683
vn -0.0174 0.9218 0.3873
vn 0.0537 0.9721 0.2284
vn 0.0461 0.9490 0.3120
vn -0.2140 0.5690 0.7940
vn -0.0564 0.6292 0.7752
vn -0.1014 0.7893 0.6056
vn -0.0091 0.8969 0.4422
vn 0.0049 0.8761 0.4821
vn 0.1817 0.9377 0.2963
vn 0.0822 0.9758 0.2026
vn 0.1892 0.7808 0.5955
vn 0.0838 0.8396 0.5368
vn 0.0570 0.9115 0.4073
vn 0.1904 0.8333 0.5190
vn 0.2902 0.8351 0.4673
vn 0.0659 0.8530 0.5177
vn 0.0289 0.8945 0.4461
vn 0.3342 0.8025 0.4942
vn 0.0633 0.7819 0.6202
vn -0.0733 0.8278 0.5563
vn -0.2920 0.9135 -0.2831
vn -0.0158 0.9289 0.3701
vn -0.0670 0.9963 0.0543
vn -0.0713 0.9900 0.1214
vn -0.0198 0.9659 0.2582
vn 0.0374 0.9992 0.0106
vn -0.0403 0.9725 0.2295
vn 0.0180 0.9606 0.2775
vn -0.0082 0.9690 0.2470
vn 0.0115 0.9670 0.2545
vn 0.3000 0.9122 -0.2791
vn 0.2480 0.9688 -0.0001
vn 0.1472 0.9875 -0.0568
vn 0.1425 0.9881 -0.0581
vn 0.0301 0.9952 0.0930
vn 0.1417 0.9726 -0.1845
vn -0.0626 0.9933 -0.0972
vn -0.0027 0.9998 0.0174
vn -0.0547 0.9806 0.1884
vn -0.0746 0.9971 0.0172
vn 0.1051 0.9853 -0.1350
vn 0.0029 0.7781 0.6281
vn -0.1100 0.7689 0.6299
vn 0.0925 0.7354 0.6712
vn -0.0060 0.9409 0.3386
vn -0.0811 0.9514 -0.2969
vn -0.2393 0.7924 0.5611
vn 0.2526 0.9233 -0.2893
vt 0.803837 0.563338
vt 0.834934 0.602663
vt 0.749063 0.558223
vt 0.761647 0.527070
vt 0.842429 0.621779
vt 0.877985 0.633399
vt 0.880936 0.642618
vt 0.737453 0.588329
vt 0.825418 0.633178
vt 0.873547 0.648946
vt 0.728527 0.622748
vt 0.776987 0.647092
vt 0.721260 0.652095
vt 0.617304 0.630219
vt 0.629080 0.593995
vt 0.522021 0.580759
vt 0.532424 0.556939
vt 0.544947 0.525524
vt 0.641162 0.556958
vt 0.552809 0.495534
vt 0.651893 0.524002
vt 0.451502 0.509271
vt 0.439598 0.490983
vt 0.460019 0.483294
vt 0.665074 0.483784
vt 0.559170 0.467356
vt 0.484651 0.472850
vt 0.465234 0.532257
s 1
usemtl Flowers
f 1415/804/1247 1417/805/1248 1419/806/1249 1416/807/1250
f 1418/808/1251 1417/805/1248 1420/809/1252 1421/810/1253
f 1418/808/1251 1434/811/1254 1419/806/1249 1417/805/1248
f 1423/812/1255 1418/808/1251 1421/810/1253 1422/813/1256
f 1423/812/1255 1424/814/1257 1434/811/1254 1418/808/1251
f 1423/812/1255 1425/815/1258 1426/816/1259 1424/814/1257
f 1424/814/1257 1426/816/1259 1427/817/1260 1429/818/1261
f 1429/818/1261 1427/817/1260 1428/819/1262 1430/820/1263
f 1429/818/1261 1430/820/1263 1433/821/1264 1431/822/1265
f 1424/814/1257 1429/818/1261 1431/822/1265 1434/811/1254
f 1431/822/1265 1433/821/1264 1436/823/1266 1432/824/1267
f 1434/811/1254 1431/822/1265 1432/824/1267 1419/806/1249
f 1430/820/1263 1441/825/1268 1435/826/1269 1433/821/1264
f 1433/821/1264 1435/826/1269 1438/827/1270 1436/823/1266
f 1440/828/1271 1432/824/1267 1436/823/1266 1437/829/1272
f 1437/829/1272 1436/823/1266 1438/827/1270 1439/830/1273
f 1416/807/1250 1419/806/1249 1432/824/1267 1440/828/1271
f 1430/820/1263 1428/819/1262 1442/831/1274 1441/825/1268
f 1443/804/1275 1445/805/1276 1447/806/1277 1444/807/1278
f 1446/808/1279 1445/805/1276 1448/809/1280 1449/810/1281
f 1446/808/1279 1462/811/1282 1447/806/1277 1445/805/1276
f 1451/812/1283 1446/808/1279 1449/810/1281 1450/813/1284
f 1451/812/1283 1452/814/1285 1462/811/1282 1446/808/1279
f 1451/812/1283 1453/815/1286 1454/816/1287 1452/814/1285
f 1452/814/1285 1454/816/1287 1455/817/1288 1457/818/1289
f 1457/818/1289 1455/817/1288 1456/819/1290 1458/820/1291
f 1457/818/1289 1458/820/1291 1461/821/1292 1459/822/1293
f 1452/814/1285 1457/818/1289 1459/822/1293 1462/811/1282
f 1459/822/1293 1461/821/1292 1464/823/1294 1460/824/1295
f 1462/811/1282 1459/822/1293 1460/824/1295 1447/806/1277
f 1458/820/1291 1469/825/1296 1463/826/1297 1461/821/1292
f 1461/821/1292 1463/826/1297 1466/827/1298 1464/823/1294
f 1468/828/1299 1460/824/1295 1464/823/1294 1465/829/1300
f 1465/829/1300 1464/823/1294 1466/827/1298 1467/830/1301
f 1444/807/1278 1447/806/1277 1460/824/1295 1468/828/1299
f 1458/820/1291 1456/819/1290 1470/831/1302 1469/825/1296
f 1471/804/1303 1473/805/1304 1475/806/1305 1472/807/1306
f 1474/808/1307 1490/811/1308 1475/806/1305 1473/805/1304
f 1474/808/1307 1473/805/1304 1476/809/1309 1477/810/1310
f 1479/812/1311 1474/808/1307 1477/810/1310 1478/813/1312
f 1479/812/1311 1481/815/1313 1482/816/1314 1480/814/1315
f 1479/812/1311 1480/814/1315 1490/811/1308 1474/808/1307
f 1480/814/1315 1482/816/1314 1483/817/1316 1485/818/1317
f 1485/818/1317 1483/817/1316 1484/819/1318 1486/820/1319
f 1485/818/1317 1486/820/1319 1489/821/1320 1487/822/1321
f 1480/814/1315 1485/818/1317 1487/822/1321 1490/811/1308
f 1490/811/1308 1487/822/1321 1488/824/1322 1475/806/1305
f 1487/822/1321 1489/821/1320 1492/823/1323 1488/824/1322
f 1489/821/1320 1491/826/1324 1494/827/1325 1492/823/1323
f 1486/820/1319 1497/825/1326 1491/826/1324 1489/821/1320
f 1496/828/1327 1488/824/1322 1492/823/1323 1493/829/1328
f 1493/829/1328 1492/823/1323 1494/827/1325 1495/830/1329
f 1472/807/1306 1475/806/1305 1488/824/1322 1496/828/1327
f 1486/820/1319 1484/819/1318 1498/831/1330 1497/825/1326
f 1499/804/1331 1501/805/1332 1503/806/1333 1500/807/1334
f 1502/808/1335 1518/811/1336 1503/806/1333 1501/805/1332
f 1502/808/1335 1501/805/1332 1504/809/1337 1505/810/1338
f 1507/812/1339 1502/808/1335 1505/810/1338 1506/813/1340
f 1507/812/1339 1509/815/1341 1510/816/1342 1508/814/1343
f 1507/812/1339 1508/814/1343 1518/811/1336 1502/808/1335
f 1508/814/1343 1510/816/1342 1511/817/1344 1513/818/1345
f 1513/818/1345 1511/817/1344 1512/819/1346 1514/820/1347
f 1513/818/1345 1514/820/1347 1517/821/1348 1515/822/1349
f 1508/814/1343 1513/818/1345 1515/822/1349 1518/811/1336
f 1518/811/1336 1515/822/1349 1516/824/1350 1503/806/1333
f 1515/822/1349 1517/821/1348 1520/823/1351 1516/824/1350
f 1517/821/1348 1519/826/1352 1522/827/1353 1520/823/1351
f 1514/820/1347 1525/825/1354 1519/826/1352 1517/821/1348
f 1524/828/1355 1516/824/1350 1520/823/1351 1521/829/1356
f 1521/829/1356 1520/823/1351 1522/827/1353 1523/830/1357
f 1500/807/1334 1503/806/1333 1516/824/1350 1524/828/1355
f 1514/820/1347 1512/819/1346 1526/831/1358 1525/825/1354
f 1527/804/1359 1529/805/1360 1531/806/1361 1528/807/1362
f 1530/808/1363 1546/811/1364 1531/806/1361 1529/805/1360
f 1530/808/1363 1529/805/1360 1532/809/1365 1533/810/1366
f 1535/812/1367 1530/808/1363 1533/810/1366 1534/813/1368
f 1535/812/1367 1537/815/1369 1538/816/1370 1536/814/1371
f 1535/812/1367 1536/814/1371 1546/811/1364 1530/808/1363
f 1536/814/1371 1538/816/1370 1539/817/1372 1541/818/1373
f 1541/818/1373 1539/817/1372 1540/819/1374 1542/820/1375
f 1541/818/1373 1542/820/1375 1545/821/1376 1543/822/1377
f 1536/814/1371 1541/818/1373 1543/822/1377 1546/811/1364
f 1546/811/1364 1543/822/1377 1544/824/1378 1531/806/1361
f 1543/822/1377 1545/821/1376 1548/823/1379 1544/824/1378
f 1545/821/1376 1547/826/1380 1550/827/1381 1548/823/1379
f 1542/820/1375 1553/825/1382 1547/826/1380 1545/821/1376
f 1552/828/1383 1544/824/1378 1548/823/1379 1549/829/1384
f 1549/829/1384 1548/823/1379 1550/827/1381 1551/830/1385
f 1528/807/1362 1531/806/1361 1544/824/1378 1552/828/1383
f 1542/820/1375 1540/819/1374 1554/831/1386 1553/825/1382
f 1555/804/1387 1557/805/1388 1559/806/1389 1556/807/1390
f 1558/808/1391 1574/811/1392 1559/806/1389 1557/805/1388
f 1558/808/1391 1557/805/1388 1560/809/1393 1561/810/1394
f 1563/812/1395 1558/808/1391 1561/810/1394 1562/813/1396
f 1563/812/1395 1565/815/1397 1566/816/1398 1564/814/1399
f 1563/812/1395 1564/814/1399 1574/811/1392 1558/808/1391
f 1564/814/1399 1566/816/1398 1567/817/1400 1569/818/1401
f 1569/818/1401 1567/817/1400 1568/819/1402 1570/820/1403
f 1569/818/1401 1570/820/1403 1573/821/1404 1571/822/1405
f 1564/814/1399 1569/818/1401 1571/822/1405 1574/811/1392
f 1574/811/1392 1571/822/1405 1572/824/1406 1559/806/1389
f 1571/822/1405 1573/821/1404 1576/823/1407 1572/824/1406
f 1573/821/1404 1575/826/1408 1578/827/1409 1576/823/1407
f 1570/820/1403 1581/825/1410 1575/826/1408 1573/821/1404
f 1580/828/1411 1572/824/1406 1576/823/1407 1577/829/1412
f 1577/829/1412 1576/823/1407 1578/827/1409 1579/830/1413
f 1556/807/1390 1559/806/1389 1572/824/1406 1580/828/1411
f 1570/820/1403 1568/819/1402 1582/831/1414 1581/825/1410
f 1583/804/1415 1585/805/1416 1587/806/1417 1584/807/1418
f 1586/808/1419 1602/811/1420 1587/806/1417 1585/805/1416
f 1586/808/1419 1585/805/1416 1588/809/1421 1589/810/1422
f 1591/812/1423 1586/808/1419 1589/810/1422 1590/813/1424
f 1591/812/1423 1593/815/1425 1594/816/1426 1592/814/1427
f 1591/812/1423 1592/814/1427 1602/811/1420 1586/808/1419
f 1592/814/1427 1594/816/1426 1595/817/1428 1597/818/1429
f 1597/818/1429 1595/817/1428 1596/819/1430 1598/820/1431
f 1597/818/1429 1598/820/1431 1601/821/1432 1599/822/1433
f 1592/814/1427 1597/818/1429 1599/822/1433 1602/811/1420
f 1602/811/1420 1599/822/1433 1600/824/1434 1587/806/1417
f 1599/822/1433 1601/821/1432 1604/823/1435 1600/824/1434
f 1601/821/1432 1603/826/1436 1606/827/1437 1604/823/1435
f 1598/820/1431 1609/825/1438 1603/826/1436 1601/821/1432
f 1608/828/1439 1600/824/1434 1604/823/1435 1605/829/1440
f 1605/829/1440 1604/823/1435 1606/827/1437 1607/830/1441
f 1584/807/1418 1587/806/1417 1600/824/1434 1608/828/1439
f 1598/820/1431 1596/819/1430 1610/831/1442 1609/825/1438
o Plane.010
v 6.597531 0.042921 1.595963
v 6.610108 0.094079 1.591699
v 6.633484 0.036702 1.654746
v 6.645223 0.088005 1.649113
v 6.680994 0.028465 1.629435
v 6.756084 0.027138 1.591382
v 6.682195 0.094283 1.626001
v 6.756610 0.092822 1.590306
v 6.615390 0.038774 1.536489
v 6.625213 0.103616 1.540040
v 6.672416 0.032433 1.581156
v 6.681718 0.097273 1.585120
v 6.730678 0.030946 1.557931
v 6.728282 0.096159 1.565532
v 6.751718 0.034999 1.486250
v 6.750558 0.100081 1.494727
v 6.685991 0.037953 1.494830
v 6.694018 0.102515 1.503587
v 6.631081 0.038324 1.530924
v 6.638768 0.102853 1.540393
v 6.781397 0.025371 1.590208
v 6.774529 0.084184 1.593018
v 6.781923 0.030346 1.521203
v 6.775043 0.089043 1.525621
v 6.744339 0.043661 1.475580
v 6.744654 0.094230 1.488633
v 6.676298 0.048210 1.463900
v 6.678198 0.098673 1.477225
vn 0.0192 0.9976 0.0670
vn 0.0260 0.9953 0.0936
vn 0.0192 0.9976 0.0669
vn 0.0457 0.9952 0.0865
vn 0.0706 0.9952 0.0680
vn 0.0706 0.9952 0.0679
vn 0.0377 0.9964 0.0764
vn 0.0235 0.9983 0.0540
vn 0.0398 0.9972 0.0637
vn 0.0398 0.9972 0.0636
vn 0.0627 0.9964 0.0578
vn 0.0595 0.9975 0.0373
vn 0.0627 0.9964 0.0579
vn 0.0455 0.9982 0.0382
vn 0.0235 0.9983 0.0541
vn 0.0724 0.9965 0.0415
vn 0.0628 0.9970 0.0456
vn 0.0473 0.9978 0.0454
vn 0.0474 0.9978 0.0454
vt 0.981453 0.198963
vt 0.981457 0.405844
vt 0.823490 0.395991
vt 0.823490 0.193923
s 0
usemtl Flowers
f 1611/832/1443 1613/833/1444 1614/834/1444 1612/835/1445
f 1615/832/1446 1616/833/1447 1618/834/1448 1617/835/1449
f 1619/832/1450 1621/833/1451 1622/834/1452 1620/835/1450
f 1623/832/1453 1625/833/1454 1626/834/1454 1624/835/1455
f 1627/832/1456 1629/833/1450 1630/834/1457 1628/835/1456
f 1631/832/1447 1633/833/1458 1634/834/1458 1632/835/1447
f 1635/832/1459 1637/833/1460 1638/834/1461 1636/835/1454
o Rock.001
v 6.521418 -0.026226 -1.178084 0.4510 0.4784 0.5176
v 6.701190 -0.083981 -1.228055 0.4510 0.4784 0.5176
v 6.684543 -0.122695 -1.142410 0.4510 0.4784 0.5176
v 6.650860 -0.102551 -1.085141 0.4510 0.4784 0.5176
v 6.502138 -0.016382 -1.147709 0.4706 0.5059 0.5451
v 6.116479 0.274107 -1.157438 0.4745 0.5176 0.4863
v 6.071264 0.299161 -1.135243 0.5451 0.5804 0.5725
v 6.096690 0.351071 -1.222263 0.5216 0.5921 0.4510
v 5.972832 0.371057 -1.089883 0.5255 0.5843 0.4980
v 5.937134 0.431774 -1.163422 0.5216 0.5921 0.4510
v 5.948430 0.457191 -1.219644 0.5216 0.5921 0.4510
v 6.018981 0.433623 -1.268704 0.5216 0.5921 0.4510
v 5.877505 0.635704 -1.148719 0.5216 0.5921 0.4589
v 5.899698 0.528304 -1.199545 0.5216 0.5921 0.4510
v 6.810632 -0.003007 -1.337907 0.4078 0.4510 0.4706
v 6.797442 0.061395 -1.364352 0.4078 0.4510 0.4706
v 6.902713 0.109676 -1.321051 0.4078 0.4510 0.4706
v 6.713066 0.126907 -1.366524 0.4078 0.4510 0.4706
v 6.607269 0.218390 -1.357973 0.4078 0.4550 0.4589
v 6.555612 0.224688 -1.349634 0.4196 0.4667 0.4550
v 6.018357 0.522330 -1.304273 0.5216 0.5921 0.4510
v 6.215909 0.442626 -1.320313 0.4667 0.5137 0.4863
v 5.939250 0.672335 -1.278108 0.5216 0.5921 0.4510
v 5.897641 0.667022 -1.232975 0.5216 0.5921 0.4510
v 6.337208 0.424954 -1.332774 0.4078 0.4510 0.4706
v 6.278619 0.562524 -1.303429 0.4589 0.5059 0.5098
v 6.000365 0.707495 -1.281556 0.5216 0.5921 0.4510
v 6.723269 -0.088629 -1.039906 0.4510 0.4784 0.5176
v 6.485607 0.084082 -1.046280 0.4941 0.5333 0.5725
v 6.519627 0.181037 -0.997586 0.4275 0.4628 0.4980
v 6.842247 0.085327 -1.017658 0.4510 0.4784 0.5176
v 5.938414 0.491324 -0.962343 0.5333 0.5686 0.5843
v 5.960653 0.502438 -0.933120 0.5333 0.5686 0.5843
v 5.912525 0.597994 -1.016486 0.5333 0.5686 0.5843
v 6.023988 0.629897 -0.888528 0.5333 0.5686 0.5843
v 5.980512 0.707820 -0.934324 0.5333 0.5686 0.5843
v 6.010921 0.564364 -0.882376 0.5333 0.5686 0.5843
v 6.137112 0.346282 -1.009145 0.5137 0.6039 0.3568
v 6.187964 0.446954 -0.850797 0.5137 0.6039 0.3568
v 6.093617 0.516036 -0.812648 0.5137 0.6039 0.3568
v 6.122292 0.602971 -0.822188 0.5137 0.6039 0.3568
v 6.835751 0.193168 -1.173463 0.4510 0.4784 0.5176
v 5.947808 0.777295 -1.096277 0.5333 0.5686 0.5843
v 6.265747 0.731129 -1.220711 0.4589 0.5059 0.5098
v 6.023043 0.776656 -1.218107 0.5333 0.5686 0.5843
v 6.036457 0.809935 -1.097879 0.5333 0.5686 0.5843
v 6.032176 0.753146 -0.940836 0.5333 0.5686 0.5843
v 6.088998 0.762683 -0.926128 0.5333 0.5686 0.5843
v 6.139128 0.677705 -0.895539 0.5333 0.5686 0.5804
v 6.154099 0.731813 -0.962594 0.5333 0.5686 0.5843
v 6.469936 0.577879 -1.092844 0.4314 0.4667 0.5019
v 6.099248 0.820357 -1.060077 0.5333 0.5686 0.5843
v 6.109767 0.785840 -0.954828 0.5333 0.5686 0.5843
v 6.217430 0.779100 -1.115330 0.5333 0.5686 0.5843
v 6.280582 0.494468 -0.868654 0.5137 0.6039 0.3568
vn -0.3851 -0.4845 -0.7854
vn 0.5706 0.3964 -0.7192
vn -0.0698 -0.4246 0.9027
vn 0.8269 -0.5514 -0.1107
vn -0.5685 0.7082 0.4186
vn -0.1711 -0.1063 -0.9795
vn -0.1708 -0.1038 -0.9798
vn -0.3717 -0.7830 0.4987
vn 0.1110 0.8954 -0.4312
vn 0.1624 0.4446 -0.8809
vn 0.5339 0.7195 0.4441
vn -0.6490 -0.2408 -0.7216
vn -0.8123 -0.4527 -0.3678
vn -0.2915 0.3900 0.8734
vn -0.5276 0.2627 0.8078
vn -0.5170 0.6645 -0.5396
vn -0.3355 0.8888 0.3122
vn -0.5284 -0.7357 -0.4237
vn -0.9768 -0.2034 0.0664
vn -0.7500 -0.0301 0.6608
vn -0.3378 -0.7414 0.5798
vn -0.2790 -0.3510 0.8938
vn -0.4916 -0.8703 -0.0300
vn -0.3833 -0.8114 -0.4413
vn 0.4650 -0.2531 -0.8483
vn -0.0154 0.1203 -0.9926
vn 0.6255 0.7774 -0.0671
vn 0.7085 0.5938 0.3814
vn 0.5818 0.3736 0.7225
vn -0.3863 -0.5030 0.7731
vn -0.5950 -0.6018 -0.5328
vn -0.8885 0.4569 -0.0425
vn -0.7137 -0.1741 -0.6785
vn -0.9629 -0.0766 -0.2586
vn 0.5323 0.5413 0.6509
vn 0.2289 -0.0815 0.9700
vn -0.2995 -0.4143 -0.8595
vn -0.4165 -0.4825 -0.7706
vn -0.3765 -0.4936 -0.7840
vn -0.8549 -0.2083 -0.4751
vn -0.3878 -0.5398 -0.7472
vn -0.1762 -0.6034 -0.7777
vn -0.2205 -0.3643 -0.9048
vn -0.1094 -0.6567 -0.7462
vn -0.3926 -0.5088 -0.7661
vn 0.2593 0.4071 -0.8758
vn 0.2480 0.2887 -0.9247
vn 0.2483 0.3708 -0.8949
vn 0.2051 0.3783 -0.9027
vn 0.2742 -0.1795 0.9448
vn -0.0190 -0.9466 0.3218
vn 0.8031 -0.5858 -0.1087
vn 0.7749 -0.4613 0.4320
vn 0.5836 -0.5643 0.5840
vn 0.8815 -0.3703 -0.2930
vn -0.8891 0.3204 0.3268
vn -0.8942 0.3168 0.3164
vn -0.1069 -0.0329 -0.9937
vn -0.6661 -0.0680 0.7428
vn -0.3853 -0.7177 0.5800
vn 0.1696 0.9240 -0.3428
vn 0.1352 0.9509 -0.2783
vn 0.1141 0.6510 -0.7504
vn 0.4708 0.7686 0.4332
vn 0.7757 0.6185 0.1253
vn -0.6101 -0.2986 -0.7339
vn -0.9364 -0.2882 0.2002
vn -0.2327 0.3930 0.8896
vn -0.2529 0.7061 0.6614
vn -0.0676 0.3023 0.9508
vn -0.5155 0.1814 0.8375
vn -0.4819 0.8034 -0.3497
vn -0.5874 0.7216 -0.3665
vn -0.3408 0.9151 -0.2153
vn -0.3230 0.8928 0.3140
vn -0.2649 0.8351 0.4821
vn -0.3171 0.8913 0.3240
vn -0.6468 -0.5568 -0.5211
vn -0.5249 -0.7637 -0.3758
vn -0.5422 -0.7194 -0.4342
vn -0.9429 -0.2878 0.1676
vn -0.9129 -0.3898 0.1213
vn -0.8095 0.0974 0.5790
vn -0.7821 0.1366 0.6080
vn -0.7626 0.2095 0.6120
vn -0.1937 -0.3852 0.9023
vn 0.0200 -0.1403 0.9899
vn -0.5095 -0.8605 0.0030
vn -0.0750 0.1774 -0.9813
vn -0.0199 0.1496 -0.9885
vn -0.1187 0.1095 -0.9869
vn 0.7158 0.6950 -0.0684
vn 0.6666 0.7165 -0.2058
vn 0.5501 0.5160 0.6566
vn 0.5909 0.5582 0.5824
vn -0.3914 -0.7208 0.5720
vn -0.3905 -0.7201 0.5736
vn -0.3588 -0.7974 0.4853
vn -0.2525 -0.8557 0.4516
vn -0.5058 -0.6527 0.5640
vn -0.5122 -0.7420 0.4324
vn -0.5812 -0.6235 0.5229
vn -0.6521 -0.2172 -0.7264
vn 0.6025 0.5500 0.5783
vn 0.5485 0.5195 0.6552
vn 0.3636 -0.0177 0.9314
vt 0.438766 0.241099
vt 0.418323 0.250000
vt 0.462692 0.035791
vt 0.545920 0.292169
vt 0.549966 0.302365
vt 0.560084 0.385281
vt 0.533865 0.691542
vt 0.495372 0.711171
vt 0.375000 0.657785
vt 0.375000 0.657784
vt 0.258176 0.750000
vt 0.125000 0.665335
vt 0.691230 0.658455
vt 0.672482 0.606596
vt 0.716950 0.600672
vt 0.000000 0.000000
vt 0.570825 0.473308
vt 0.538755 0.500000
vt 0.538755 0.500000
vt 0.375000 0.500000
vt 0.375000 0.904912
vt 0.375000 0.866824
vt 0.454861 0.864948
vt 0.824583 0.676924
vt 0.817074 0.587334
vt 0.824261 0.673082
vt 0.595541 0.576142
vt 0.586864 0.702804
vt 0.576419 0.747116
vt 0.393753 0.250000
vt 0.375000 0.232689
vt 0.375000 0.084665
vt 0.472751 0.017944
vt 0.576038 0.012572
vt 0.586246 0.040485
vt 0.608502 0.115542
vt 0.598142 0.171707
vt 0.607330 0.161275
vt 0.375000 0.270318
vt 0.430553 0.254042
vt 0.393753 0.250000
vt 0.418323 0.250000
vt 0.220088 0.750000
vt 0.194400 0.727128
vt 0.125000 0.517311
vt 0.145318 0.500000
vt 0.747156 0.711986
vt 0.563201 0.843760
vt 0.611147 0.953424
vt 0.594262 0.974734
vt 0.581509 0.992898
vt 0.448238 0.968193
vt 0.605789 0.589882
vt 0.580278 0.742107
s 1
usemtl Props
f 1658/836/1462 1656/837/1462 1639/838/1462
f 1663/839/1463 1664/840/1463 1682/841/1463
f 1693/842/1464 1668/843/1464 1669/844/1464
f 1669/845/1465 1666/846/1465 1640/847/1465
f 1674/848/1466 1685/849/1466 1681/850/1466
f 1656/851/1467 1658/851/1467 1657/851/1467
f 1658/851/1468 1663/851/1468 1657/851/1468
f 1671/851/1469 1677/851/1469 1678/851/1469
f 1684/851/1470 1690/851/1470 1692/851/1470
f 1665/851/1471 1682/851/1471 1664/851/1471
f 1688/851/1472 1689/851/1472 1692/851/1472
f 1659/851/1473 1649/851/1473 1652/851/1473
f 1648/851/1474 1652/851/1474 1649/851/1474
f 1686/851/1475 1685/851/1475 1673/851/1475
f 1679/851/1476 1675/851/1476 1678/851/1476
f 1683/851/1477 1665/851/1477 1662/851/1477
f 1690/851/1478 1684/851/1478 1685/851/1478
f 1646/851/1479 1648/851/1479 1650/851/1479
f 1672/851/1480 1648/851/1480 1670/851/1480
f 1673/851/1481 1674/851/1481 1672/851/1481
f 1676/851/1482 1668/851/1482 1677/851/1482
f 1666/851/1483 1668/851/1483 1667/851/1483
f 1639/851/1484 1642/851/1484 1643/851/1484
f 1639/851/1485 1640/851/1485 1641/851/1485
f 1653/851/1486 1654/851/1486 1655/851/1486
f 1664/851/1487 1659/851/1487 1665/851/1487
f 1682/841/1488 1692/852/1488 1689/853/1488
f 1689/854/1489 1669/844/1489 1680/855/1489
f 1686/851/1490 1688/851/1490 1691/851/1490
f 1642/856/1491 1666/857/1491 1667/858/1491
f 1645/851/1492 1646/851/1492 1644/851/1492
f 1651/859/1493 1681/850/1493 1662/860/1493
f 1661/851/1494 1652/851/1494 1662/851/1494
f 1652/861/1495 1651/859/1495 1662/860/1495
f 1693/842/1496 1689/854/1496 1688/862/1496
f 1679/863/1497 1677/864/1497 1693/842/1497
f 1656/837/1498 1654/865/1498 1653/866/1498
f 1653/866/1499 1640/867/1499 1656/837/1499
f 1640/867/1500 1639/838/1500 1656/837/1500
f 1639/838/1501 1643/868/1501 1658/836/1501
f 1643/868/1502 1644/869/1502 1658/836/1502
f 1646/870/1503 1650/871/1503 1660/872/1503
f 1650/871/1504 1659/873/1504 1660/872/1504
f 1644/869/1505 1646/870/1505 1660/872/1505
f 1658/836/1506 1644/869/1506 1660/872/1506
f 1682/841/1507 1655/874/1507 1657/875/1507
f 1655/874/1508 1654/876/1508 1656/877/1508
f 1657/875/1509 1655/874/1509 1656/877/1509
f 1657/875/1510 1663/839/1510 1682/841/1510
f 1693/842/1511 1677/864/1511 1668/843/1511
f 1642/878/1512 1641/879/1512 1666/846/1512
f 1641/879/1513 1640/847/1513 1666/846/1513
f 1640/847/1514 1653/880/1514 1680/855/1514
f 1653/880/1515 1655/881/1515 1680/855/1515
f 1680/855/1516 1669/845/1516 1640/847/1516
f 1681/850/1517 1651/859/1517 1672/882/1517
f 1672/882/1518 1674/848/1518 1681/850/1518
f 1658/851/1519 1660/851/1519 1663/851/1519
f 1678/851/1520 1675/851/1520 1671/851/1520
f 1671/851/1521 1676/851/1521 1677/851/1521
f 1692/851/1522 1682/851/1522 1683/851/1522
f 1683/851/1523 1684/851/1523 1692/851/1523
f 1665/851/1524 1683/851/1524 1682/851/1524
f 1692/851/1525 1690/851/1525 1688/851/1525
f 1690/851/1526 1691/851/1526 1688/851/1526
f 1659/851/1527 1650/851/1527 1649/851/1527
f 1648/851/1528 1651/851/1528 1652/851/1528
f 1685/851/1529 1674/851/1529 1673/851/1529
f 1673/851/1530 1679/851/1530 1687/851/1530
f 1687/851/1531 1686/851/1531 1673/851/1531
f 1679/851/1532 1673/851/1532 1675/851/1532
f 1665/851/1533 1661/851/1533 1662/851/1533
f 1662/851/1534 1681/851/1534 1683/851/1534
f 1681/851/1535 1684/851/1535 1683/851/1535
f 1684/851/1536 1681/851/1536 1685/851/1536
f 1685/851/1537 1686/851/1537 1691/851/1537
f 1691/851/1538 1690/851/1538 1685/851/1538
f 1646/851/1539 1645/851/1539 1647/851/1539
f 1647/851/1540 1648/851/1540 1646/851/1540
f 1648/851/1541 1649/851/1541 1650/851/1541
f 1651/851/1542 1648/851/1542 1672/851/1542
f 1648/851/1543 1647/851/1543 1670/851/1543
f 1672/851/1544 1670/851/1544 1671/851/1544
f 1671/851/1545 1675/851/1545 1672/851/1545
f 1675/851/1546 1673/851/1546 1672/851/1546
f 1676/851/1547 1667/851/1547 1668/851/1547
f 1666/851/1548 1669/851/1548 1668/851/1548
f 1639/851/1549 1641/851/1549 1642/851/1549
f 1664/851/1550 1663/851/1550 1660/851/1550
f 1660/851/1551 1659/851/1551 1664/851/1551
f 1659/851/1552 1661/851/1552 1665/851/1552
f 1689/853/1553 1680/855/1553 1655/874/1553
f 1655/874/1554 1682/841/1554 1689/853/1554
f 1689/854/1555 1693/842/1555 1669/844/1555
f 1686/851/1556 1687/851/1556 1688/851/1556
f 1676/883/1557 1671/851/1557 1670/851/1557
f 1670/851/1558 1647/884/1558 1676/883/1558
f 1647/884/1559 1645/885/1559 1676/883/1559
f 1645/885/1560 1644/886/1560 1676/883/1560
f 1644/886/1561 1643/887/1561 1667/858/1561
f 1676/883/1562 1644/886/1562 1667/858/1562
f 1643/887/1563 1642/856/1563 1667/858/1563
f 1661/851/1564 1659/851/1564 1652/851/1564
f 1688/862/1565 1687/888/1565 1693/842/1565
f 1687/888/1566 1679/863/1566 1693/842/1566
f 1679/863/1567 1678/889/1567 1677/864/1567
o Rock.002
v 6.439127 0.021263 1.370083 0.6197 0.4157 0.1882
v 6.436692 0.049629 1.390608 0.7529 0.6079 0.3529
v 6.530975 0.021263 1.428545 0.6236 0.4196 0.1922
v 6.511727 0.049629 1.439202 0.7529 0.6079 0.3529
v 6.520427 0.021263 1.535112 0.6471 0.4589 0.2196
v 6.501998 0.049629 1.526632 0.7882 0.6550 0.4000
v 6.420912 0.021263 1.579940 0.6628 0.4745 0.2353
v 6.420223 0.049629 1.563096 0.7686 0.6276 0.3725
v 6.344560 0.021263 1.531334 0.6589 0.4745 0.2353
v 6.359204 0.049629 1.524630 0.7960 0.6628 0.4078
v 6.342387 0.021263 1.416185 0.6236 0.4196 0.1922
v 6.356130 0.049629 1.427801 0.7686 0.6276 0.3725
v 6.386858 0.021263 1.381437 0.6236 0.4196 0.1922
v 6.392512 0.049629 1.397507 0.7764 0.6393 0.3843
v 6.547146 0.021263 1.483778 0.6236 0.4196 0.1922
v 6.528307 0.049629 1.484867 0.7647 0.6236 0.3686
vn 0.4438 0.5631 -0.6972
vn 0.7702 0.4961 0.4009
vn 0.3615 0.4747 0.8025
vn -0.4826 0.4385 0.7581
vn -0.0000 1.0000 -0.0000
vn -0.9025 0.4303 0.0170
vn -0.1748 0.5673 -0.8047
vn -0.0000 -1.0000 -0.0000
vn -0.5351 0.4946 -0.6848
vn 0.8053 0.5439 -0.2358
vn 0.4549 0.5473 -0.7025
vn 0.6902 0.5784 0.4348
vn 0.3565 0.4834 0.7995
vn -0.4816 0.4292 0.7641
vn -0.8855 0.4638 0.0281
vn -0.1329 0.5085 -0.8508
vn -0.5427 0.5298 -0.6518
vn 0.7462 0.6081 -0.2709
vt 1.000000 0.500000
vt 0.833333 1.000000
vt 0.833333 0.500000
vt 0.750000 1.000000
vt 0.666667 0.500000
vt 0.750000 0.500000
vt 0.666667 1.000000
vt 0.500000 0.500000
vt 0.500000 1.000000
vt 0.333333 0.500000
vt 0.250000 0.490000
vt 0.042154 0.130000
vt 0.457846 0.130000
vt 0.166667 1.000000
vt 0.166667 0.500000
vt 0.083333 0.500000
vt -0.000000 1.000000
vt -0.000000 0.500000
vt 0.542154 0.130000
vt 0.542154 0.370000
vt 0.646077 0.430000
vt 0.083333 1.000000
vt 1.000000 1.000000
vt 0.333333 1.000000
vt 0.457846 0.250000
vt 0.457846 0.370000
vt 0.146077 0.430000
vt 0.042154 0.370000
vt 0.250000 0.010000
vt 0.750000 0.490000
vt 0.957846 0.130000
vt 0.957846 0.370000
vt 0.957846 0.250000
vt 0.750000 0.010000
s 1
usemtl Props
f 1694/890/1568 1697/891/1568 1696/892/1568
f 1709/893/1569 1698/894/1569 1708/895/1569
f 1699/896/1570 1700/897/1570 1698/894/1570
f 1701/898/1571 1702/899/1571 1700/897/1571
f 1695/900/1572 1703/901/1572 1699/902/1572
f 1702/899/1573 1705/903/1573 1704/904/1573
f 1706/905/1574 1695/906/1574 1694/907/1574
f 1702/908/1575 1704/909/1575 1706/910/1575
f 1704/904/1576 1707/911/1576 1706/905/1576
f 1696/892/1577 1709/893/1577 1708/895/1577
f 1694/890/1578 1695/912/1578 1697/891/1578
f 1709/893/1579 1699/896/1579 1698/894/1579
f 1699/896/1580 1701/898/1580 1700/897/1580
f 1701/898/1581 1703/913/1581 1702/899/1581
f 1709/914/1572 1697/915/1572 1699/902/1572
f 1697/915/1572 1695/900/1572 1699/902/1572
f 1695/900/1572 1707/916/1572 1703/901/1572
f 1707/916/1572 1705/917/1572 1703/901/1572
f 1703/901/1572 1701/918/1572 1699/902/1572
f 1702/899/1582 1703/913/1582 1705/903/1582
f 1706/905/1583 1707/911/1583 1695/906/1583
f 1706/910/1575 1694/919/1575 1698/920/1575
f 1694/919/1575 1696/921/1575 1698/920/1575
f 1696/921/1575 1708/922/1575 1698/920/1575
f 1698/920/1575 1700/923/1575 1706/910/1575
f 1700/923/1575 1702/908/1575 1706/910/1575
f 1704/904/1584 1705/903/1584 1707/911/1584
f 1696/892/1585 1697/891/1585 1709/893/1585
o Rock.003
v 6.367946 0.025521 1.007521 0.7098 0.4745 0.2392
v 6.481645 0.018704 0.997144 0.7098 0.4745 0.2392
v 6.376662 0.053332 1.027746 0.9137 0.7647 0.5412
v 6.306284 0.029047 1.055879 0.7098 0.4745 0.2392
v 6.468402 0.047825 1.020928 0.9137 0.7647 0.5412
v 6.405915 0.022196 1.265586 0.7098 0.4745 0.2392
v 6.544008 0.014688 1.060588 0.7098 0.4745 0.2392
v 6.554717 0.013636 1.161780 0.7098 0.4745 0.2392
v 6.531954 0.043402 1.167743 0.9255 0.7960 0.5843
v 6.519088 0.015499 1.233083 0.7098 0.4745 0.2392
v 6.526084 0.044121 1.076733 0.9215 0.7882 0.5725
v 6.506986 0.044702 1.219321 0.9215 0.7843 0.5686
v 6.412847 0.050269 1.247224 0.9294 0.8000 0.5882
v 6.299977 0.057363 1.175879 0.9176 0.7804 0.5608
v 6.321590 0.056494 1.067510 0.9137 0.7647 0.5412
v 6.277048 0.030337 1.173938 0.7098 0.4745 0.2392
vn -0.0602 -0.9982 -0.0040
vn -0.0340 0.6229 -0.7816
vn -0.0242 0.5929 -0.8049
vn -0.4665 0.6112 -0.6394
vn 0.8306 0.5508 -0.0822
vn 0.7890 0.6126 -0.0460
vn 0.7718 0.5156 0.3722
vn 0.5585 0.6337 -0.5352
vn 0.0602 0.9982 0.0040
vn 0.2731 0.5004 0.8216
vn 0.7851 0.4985 0.3675
vn 0.2683 0.4801 0.8352
vn -0.4141 0.5677 0.7115
vn -0.7479 0.6456 -0.1543
vn -0.4667 0.5528 -0.6903
vn -0.8143 0.5421 -0.2076
vn -0.5186 0.3851 0.7634
vn 0.5544 0.6630 -0.5030
vt 0.750000 0.490000
vt 0.957846 0.370000
vt 0.957846 0.250000
vt 1.000000 0.500000
vt 0.833333 1.000000
vt 0.833333 0.500000
vt 1.000000 1.000000
vt 0.083333 0.500000
vt -0.000000 1.000000
vt -0.000000 0.500000
vt 0.646077 0.430000
vt 0.542154 0.130000
vt 0.957846 0.130000
vt 0.750000 1.000000
vt 0.666667 0.500000
vt 0.750000 0.500000
vt 0.666667 1.000000
vt 0.500000 0.500000
vt 0.750000 0.010000
vt 0.457846 0.250000
vt 0.457846 0.370000
vt 0.250000 0.490000
vt 0.457846 0.130000
vt 0.500000 1.000000
vt 0.333333 1.000000
vt 0.333333 0.500000
vt 0.042154 0.130000
vt 0.250000 0.010000
vt 0.166667 1.000000
vt 0.146077 0.430000
vt 0.042154 0.370000
vt 0.166667 0.500000
vt 0.083333 1.000000
vt 0.542154 0.370000
s 1
usemtl Props
f 1710/924/1586 1711/925/1586 1716/926/1586
f 1710/927/1587 1714/928/1587 1711/929/1587
f 1710/927/1588 1712/930/1588 1714/928/1588
f 1713/931/1589 1712/932/1589 1710/933/1589
f 1713/934/1586 1710/924/1586 1715/935/1586
f 1710/924/1586 1717/936/1586 1715/935/1586
f 1717/936/1586 1710/924/1586 1716/926/1586
f 1720/937/1590 1717/938/1590 1716/939/1590
f 1720/937/1591 1718/940/1591 1717/938/1591
f 1718/940/1592 1719/941/1592 1717/938/1592
f 1717/936/1586 1719/942/1586 1715/935/1586
f 1714/928/1593 1720/937/1593 1716/939/1593
f 1720/943/1594 1714/944/1594 1712/945/1594
f 1712/945/1594 1718/946/1594 1720/943/1594
f 1719/941/1595 1721/947/1595 1722/948/1595
f 1718/940/1596 1721/947/1596 1719/941/1596
f 1719/941/1597 1722/948/1597 1715/949/1597
f 1722/950/1594 1721/951/1594 1718/946/1594
f 1715/949/1598 1722/948/1598 1723/952/1598
f 1724/953/1594 1723/954/1594 1722/950/1594
f 1712/945/1594 1724/953/1594 1722/950/1594
f 1722/950/1594 1718/946/1594 1712/945/1594
f 1725/955/1599 1723/952/1599 1724/956/1599
f 1713/931/1600 1724/956/1600 1712/932/1600
f 1725/955/1601 1724/956/1601 1713/931/1601
f 1715/935/1586 1725/957/1586 1713/934/1586
f 1715/949/1602 1723/952/1602 1725/955/1602
f 1714/928/1603 1716/939/1603 1711/929/1603
o Rock.004
v 6.252554 0.014957 1.604505 0.6236 0.4196 0.1922
v 6.249068 0.050969 1.581920 0.7647 0.6236 0.3686
v 6.295429 0.019478 1.536587 0.6236 0.4196 0.1922
v 6.202264 0.017682 1.549290 0.6236 0.4196 0.1922
v 6.171791 0.022472 1.485208 0.6236 0.4196 0.1922
v 6.213879 0.050631 1.537556 0.7921 0.6550 0.4000
v 6.194761 0.052687 1.496121 0.7647 0.6236 0.3686
v 6.249354 0.017544 1.444924 0.6236 0.4196 0.1922
v 6.252170 0.052981 1.459762 0.7529 0.6079 0.3529
v 6.288102 0.055059 1.525707 0.7843 0.6471 0.3921
vn 0.7653 0.3935 0.5093
vn -0.6878 0.3367 0.6431
vn 0.0111 -0.9982 -0.0594
vn -0.0818 -0.9960 -0.0356
vn -0.7913 0.4534 0.4102
vn -0.7032 0.4453 0.5544
vn -0.8126 0.4275 0.3961
vn 0.0207 -0.9997 0.0107
vn -0.3586 0.5460 -0.7571
vn -0.4988 0.3682 -0.7846
vn 0.8863 0.1171 -0.4480
vn 0.0203 0.9990 0.0402
vn 0.8771 0.0341 -0.4790
vn -0.0594 0.9982 0.0009
vn 0.7649 0.3272 0.5549
vn -0.0539 0.9979 0.0352
vt 0.083333 0.500000
vt -0.000000 1.000000
vt -0.000000 0.500000
vt 1.000000 1.000000
vt 0.750000 0.500000
vt 1.000000 0.500000
vt 0.646077 0.430000
vt 0.750000 0.490000
vt 0.957846 0.250000
vt 0.750000 0.010000
vt 0.542154 0.130000
vt 0.500000 1.000000
vt 0.500000 0.500000
vt 0.750000 1.000000
vt 0.333333 0.500000
vt 0.333333 1.000000
vt 0.042154 0.130000
vt 0.250000 0.010000
vt 0.457846 0.250000
vt 0.083333 1.000000
vt 0.146077 0.430000
vt 0.250000 0.490000
s 1
usemtl Props
f 1728/958/1604 1727/959/1604 1726/960/1604
f 1727/961/1605 1729/962/1605 1726/963/1605
f 1728/964/1606 1726/965/1606 1729/966/1606
f 1729/966/1607 1730/967/1607 1733/968/1607
f 1732/969/1608 1730/970/1608 1729/962/1608
f 1727/961/1609 1731/971/1609 1729/962/1609
f 1732/969/1610 1729/962/1610 1731/971/1610
f 1729/966/1611 1733/968/1611 1728/964/1611
f 1732/969/1612 1733/972/1612 1730/970/1612
f 1732/969/1613 1734/973/1613 1733/972/1613
f 1734/973/1614 1728/958/1614 1733/972/1614
f 1734/974/1615 1732/975/1615 1731/976/1615
f 1734/973/1616 1735/977/1616 1728/958/1616
f 1735/978/1617 1734/974/1617 1731/976/1617
f 1728/958/1618 1735/977/1618 1727/959/1618
f 1731/976/1619 1727/979/1619 1735/978/1619
o Rock.005
v 6.232432 0.016724 1.185596 0.6236 0.4196 0.1922
v 6.221252 0.058848 1.206253 0.7529 0.6079 0.3529
v 6.149342 0.016568 1.201348 0.6236 0.4196 0.1922
v 6.228786 0.011396 1.273063 0.6197 0.4157 0.1882
v 6.203845 0.015855 1.339878 0.6236 0.4196 0.1922
v 6.216173 0.047591 1.275831 0.7921 0.6550 0.4000
v 6.198562 0.050534 1.318787 0.7647 0.6236 0.3686
v 6.114395 0.017874 1.308972 0.6236 0.4196 0.1922
v 6.127028 0.058715 1.298061 0.7764 0.6393 0.3843
v 6.145191 0.060354 1.214807 0.7529 0.6079 0.3529
vn -0.1717 0.3966 -0.9018
vn 0.9714 0.2311 0.0546
vn -0.0097 -0.9981 -0.0612
vn -0.0403 -0.9979 0.0515
vn 0.8928 0.3255 0.3115
vn 0.9403 0.3185 0.1202
vn 0.8936 0.2849 0.3468
vn -0.0587 -0.9983 -0.0070
vn -0.2792 0.4675 0.8387
vn -0.2303 0.3170 0.9200
vn -0.9299 0.2063 -0.3045
vn 0.1191 0.9927 -0.0192
vn -0.9766 -0.0269 -0.2136
vn 0.1357 0.9895 0.0491
vn -0.1016 0.2835 -0.9536
vn 0.0378 0.9860 0.1623
vt 0.083333 0.500000
vt -0.000000 1.000000
vt -0.000000 0.500000
vt 1.000000 1.000000
vt 0.750000 0.500000
vt 1.000000 0.500000
vt 0.646077 0.430000
vt 0.750000 0.490000
vt 0.957846 0.250000
vt 0.750000 0.010000
vt 0.542154 0.130000
vt 0.500000 1.000000
vt 0.500000 0.500000
vt 0.750000 1.000000
vt 0.333333 0.500000
vt 0.333333 1.000000
vt 0.042154 0.130000
vt 0.250000 0.010000
vt 0.457846 0.250000
vt 0.083333 1.000000
vt 0.146077 0.430000
vt 0.250000 0.490000
s 1
usemtl Props
f 1738/980/1620 1737/981/1620 1736/982/1620
f 1737/983/1621 1739/984/1621 1736/985/1621
f 1738/986/1622 1736/987/1622 1739/988/1622
f 1739/988/1623 1740/989/1623 1743/990/1623
f 1742/991/1624 1740/992/1624 1739/984/1624
f 1737/983/1625 1741/993/1625 1739/984/1625
f 1742/991/1626 1739/984/1626 1741/993/1626
f 1739/988/1627 1743/990/1627 1738/986/1627
f 1742/991/1628 1743/994/1628 1740/992/1628
f 1742/991/1629 1744/995/1629 1743/994/1629
f 1744/995/1630 1738/980/1630 1743/994/1630
f 1744/996/1631 1742/997/1631 1741/998/1631
f 1744/995/1632 1745/999/1632 1738/980/1632
f 1745/1000/1633 1744/996/1633 1741/998/1633
f 1738/980/1634 1745/999/1634 1737/981/1634
f 1741/998/1635 1737/1001/1635 1745/1000/1635
o Rock.006
v 7.165011 0.060061 -0.826523 0.4510 0.4784 0.5176
v 7.303692 0.166206 -0.825839 0.4510 0.4784 0.5176
v 7.073396 0.245962 -0.841639 0.4510 0.4784 0.5176
v 7.153675 0.033060 -0.809356 0.4510 0.4784 0.5176
v 7.302534 0.129277 -0.759624 0.4510 0.4784 0.5176
v 7.172355 0.018982 -0.772128 0.4510 0.4784 0.5176
v 7.056332 0.094536 -0.773625 0.4510 0.4784 0.5176
v 6.981951 0.141511 -0.746321 0.4510 0.4784 0.5176
v 7.059834 0.239989 -0.831126 0.4510 0.4784 0.5176
v 7.111246 0.043324 -0.474169 0.4510 0.4784 0.5176
v 7.174661 0.006058 -0.551266 0.4510 0.4784 0.5176
v 6.991898 0.188091 -0.770097 0.4510 0.4784 0.5176
v 6.997078 0.212353 -0.782481 0.4510 0.4784 0.5176
v 6.994263 0.238475 -0.758979 0.4510 0.4784 0.5176
v 6.982023 0.352051 -0.656790 0.4510 0.4784 0.5176
v 6.932878 0.161846 -0.522260 0.4510 0.4784 0.5176
v 6.935084 0.160079 -0.515855 0.4510 0.4784 0.5176
v 7.008969 0.226142 -0.452612 0.4510 0.4784 0.5176
v 7.135306 0.111142 -0.435155 0.4510 0.4784 0.5176
v 7.250657 0.687077 -0.399038 0.4078 0.4392 0.4510
v 7.468999 0.555594 -0.386219 0.4980 0.5764 0.3882
v 7.082899 0.663251 -0.629633 0.4510 0.4784 0.5176
v 7.206074 0.741081 -0.553276 0.5530 0.6354 0.4628
v 7.168324 0.675519 -0.729775 0.4941 0.5686 0.4157
v 7.225296 0.718459 -0.486837 0.4667 0.5333 0.4392
v 7.347849 0.740817 -0.458736 0.4823 0.5255 0.4784
v 7.377821 0.796091 -0.533265 0.5530 0.6315 0.4667
v 7.541000 0.809366 -0.592416 0.5451 0.5647 0.5882
v 7.303961 0.813791 -0.674771 0.5451 0.5647 0.5882
v 7.483824 0.684959 -0.506242 0.5137 0.6039 0.3608
v 7.418998 0.834093 -0.770710 0.5451 0.5647 0.5882
v 7.429496 0.832740 -0.783746 0.5451 0.5647 0.5882
v 7.519691 0.826647 -0.763486 0.5451 0.5647 0.5882
v 7.390604 0.743611 -0.815314 0.5137 0.6039 0.3568
v 7.320286 0.698238 -0.823920 0.5137 0.6039 0.3568
v 7.497227 0.455475 -0.790566 0.5137 0.6039 0.3568
v 7.524711 0.772432 -0.781796 0.5451 0.5647 0.5882
v 7.532872 0.495510 -0.751294 0.4823 0.5412 0.4471
v 7.561002 0.413810 -0.566324 0.4980 0.5686 0.3961
v 7.595687 0.547518 -0.659313 0.5176 0.6079 0.3647
v 7.289091 -0.003679 -0.612532 0.4510 0.4784 0.5176
v 7.562229 0.436862 -0.548883 0.5137 0.6039 0.3568
v 7.227277 0.030309 -0.516921 0.4510 0.4784 0.5176
v 7.215286 0.037486 -0.497919 0.4510 0.4784 0.5176
v 7.175502 0.061298 -0.434873 0.4510 0.4784 0.5176
v 7.178074 0.072212 -0.429245 0.4510 0.4784 0.5176
v 7.122457 0.035894 -0.471516 0.4510 0.4784 0.5176
v 7.287414 -0.005684 -0.612219 0.4510 0.4784 0.5176
v 7.236089 -0.029049 -0.645107 0.4510 0.4784 0.5176
v 7.646570 0.583662 -0.532046 0.5137 0.6039 0.3568
v 7.660516 0.625113 -0.580322 0.5137 0.6039 0.3568
v 7.576859 0.563216 -0.484309 0.5137 0.6039 0.3568
v 7.580505 0.638186 -0.539327 0.5137 0.6039 0.3568
v 7.656468 0.628856 -0.555623 0.5137 0.6039 0.3568
v 7.673452 0.663790 -0.650100 0.5373 0.5725 0.5530
v 7.657989 0.685098 -0.680181 0.5451 0.5647 0.5882
v 7.587855 0.808195 -0.678533 0.5451 0.5647 0.5882
v 7.322900 0.698636 -0.391257 0.4078 0.4392 0.4510
vn 0.0486 -0.0571 -0.9972
vn 0.5593 -0.7281 -0.3963
vn -0.4937 -0.3094 -0.8127
vn 0.6083 -0.5917 -0.5290
vn 0.5730 -0.6149 -0.5418
vn -0.5448 -0.8375 -0.0433
vn -0.9707 0.0944 -0.2212
vn -0.6615 0.4609 -0.5915
vn -0.7771 0.4847 0.4015
vn -0.4215 -0.3352 0.8426
vn -0.1402 -0.0037 0.9901
vn -0.7755 0.3452 0.5285
vn -0.0971 -0.0645 0.9932
vn -0.9178 0.2723 0.2890
vn -0.4079 0.8809 -0.2400
vn -0.6547 0.6374 0.4064
vn -0.7447 0.2937 -0.5993
vn -0.6591 0.6274 0.4146
vn -0.3219 0.8640 0.3873
vn -0.2509 0.8863 0.3893
vn -0.2654 0.8224 0.5032
vn 0.2688 0.4619 0.8452
vn -0.0246 0.9878 0.1538
vn -0.3223 0.9039 0.2813
vn -0.0497 0.9875 0.1494
vn 0.4725 0.6063 0.6397
vn 0.0767 0.9962 -0.0417
vn -0.6536 0.4896 -0.5771
vn -0.5238 0.7044 -0.4790
vn -0.4840 0.6008 -0.6362
vn 0.0669 0.9935 0.0920
vn -0.2085 0.4843 -0.8497
vn -0.5330 0.3216 -0.7826
vn 0.1371 -0.0361 -0.9899
vn 0.1420 -0.0324 -0.9893
vn 0.2413 0.0059 -0.9704
vn 0.7637 -0.0484 -0.6438
vn 0.8149 -0.5121 -0.2714
vn 0.0895 0.0614 -0.9941
vn 0.8415 -0.4352 -0.3202
vn 0.7993 -0.5076 -0.3216
vn 0.9778 -0.1571 0.1388
vn 0.8374 -0.4414 -0.3223
vn 0.6453 -0.4856 0.5898
vn 0.7991 -0.4805 -0.3613
vn 0.4969 -0.5403 0.6791
vn 0.6450 -0.4853 0.5903
vn 0.6100 -0.4407 0.6585
vn 0.1359 -0.8954 0.4240
vn 0.6615 -0.4609 0.5915
vn 0.6669 -0.4540 0.5909
vn 0.5786 -0.6233 -0.5260
vn 0.6047 -0.6176 -0.5029
vn 0.5934 -0.4197 0.6868
vn 0.8637 -0.4778 -0.1607
vn 0.8480 -0.4802 -0.2243
vn 0.6293 -0.4102 0.6601
vn 0.3619 0.5400 0.7598
vn 0.5477 0.5345 0.6437
vn 0.4872 0.5012 0.7152
vn 0.2391 0.4074 0.8814
vn 0.0924 0.9866 -0.1344
vn 0.4714 0.3587 0.8057
vn 0.4526 0.3578 0.8168
vn 0.9765 -0.1208 0.1784
vn 0.8275 -0.5418 -0.1469
vn 0.7474 0.5126 0.4227
vn 0.6699 -0.3984 -0.6265
vn 0.7524 0.6542 0.0766
vn 0.7076 0.4108 -0.5749
vn 0.7895 0.4442 0.4235
vn 0.8400 -0.4305 -0.3303
vn 0.5740 -0.0729 -0.8156
vn 0.1684 0.9826 0.0783
vn 0.7795 0.2640 -0.5681
vn 0.1821 0.2567 -0.9492
vn 0.2280 0.3304 -0.9159
vn 0.4745 0.6568 0.5860
vn 0.5159 0.5501 0.6567
vn -0.0968 -0.0638 0.9933
vn -0.1886 0.8626 0.4695
vn -0.6842 0.7192 -0.1208
vn -0.7664 0.3151 -0.5597
vt 0.333333 0.673296
vt 0.368426 0.521605
vt 0.500000 0.602586
vt 0.000000 0.000000
vt 0.812040 0.099565
vt 0.715292 0.110477
vt 0.771025 0.432000
vt 0.588678 0.124758
vt 0.581921 0.170736
vt 0.667129 0.388519
vt 0.510056 0.593392
vt 0.556586 0.550847
vt 0.577170 0.567302
vt 0.666667 0.638850
vt 0.780869 0.500000
vt 0.833333 0.575741
vt 0.957846 0.301852
vt 0.957846 0.294452
vt 0.786008 0.500000
vt 0.957849 0.555153
vt 1.000000 0.845130
vt 0.833333 0.868849
vt 0.666667 0.788110
vt 0.833333 0.868849
vt 0.762624 0.878921
vt 0.709612 0.886473
vt 0.603022 0.814564
vt 0.343294 0.357461
vt 0.189468 0.331545
vt 0.266357 0.112535
vt 0.358344 0.184920
vt 0.161523 0.093398
vt 0.250963 0.100422
vt 0.500000 0.857385
vt 0.500000 0.602586
vt 0.333333 0.841921
vt 0.492902 0.876593
vt 0.419982 0.963657
vt 0.285350 0.634834
vt 0.333333 0.673296
vt 0.333333 0.841921
vt 0.307455 0.869134
vt 0.166667 0.816194
vt 0.248215 0.931430
vt 0.166667 0.539700
vt 0.166667 0.816194
vt 0.079456 0.538875
vt 0.166667 0.539700
vt 0.151502 0.839072
vt -0.000000 0.845130
vt 0.062144 0.539106
vt -0.000000 0.548184
vt 0.004705 0.539875
vt 0.759135 0.440283
vt 1.000000 0.548184
vt 0.166279 0.537712
vt 0.558866 0.327610
vt 0.109002 0.903189
vt 0.084724 0.890257
vt 0.091722 0.241381
vt 0.872339 0.921235
s 1
usemtl Props
f 1747/1002/1636 1746/1003/1636 1748/1004/1636
f 1746/1005/1637 1747/1005/1637 1750/1005/1637
f 1748/1005/1638 1746/1005/1638 1752/1005/1638
f 1746/1005/1638 1749/1005/1638 1752/1005/1638
f 1751/1005/1639 1749/1005/1639 1746/1005/1639
f 1750/1005/1640 1751/1005/1640 1746/1005/1640
f 1752/1005/1638 1753/1005/1638 1757/1005/1638
f 1753/1006/1641 1752/1007/1641 1755/1008/1641
f 1752/1007/1641 1749/1009/1641 1751/1010/1641
f 1754/1005/1638 1752/1005/1638 1757/1005/1638
f 1752/1005/1638 1754/1005/1638 1748/1005/1638
f 1756/1011/1641 1755/1008/1641 1752/1007/1641
f 1752/1007/1641 1751/1010/1641 1756/1011/1641
f 1759/1005/1642 1757/1005/1642 1753/1005/1642
f 1758/1005/1642 1757/1005/1642 1759/1005/1642
f 1757/1005/1638 1758/1005/1638 1754/1005/1638
f 1754/1012/1643 1758/1013/1643 1759/1014/1643
f 1760/1005/1642 1759/1005/1642 1761/1005/1642
f 1759/1014/1643 1760/1015/1643 1754/1012/1643
f 1761/1005/1642 1759/1005/1642 1753/1005/1642
f 1760/1015/1644 1761/1016/1644 1763/1017/1644
f 1755/1008/1641 1762/1018/1641 1761/1019/1641
f 1761/1016/1644 1762/1020/1644 1763/1017/1644
f 1753/1006/1641 1755/1008/1641 1761/1019/1641
f 1755/1005/1645 1764/1005/1645 1763/1005/1645
f 1763/1017/1646 1764/1021/1646 1766/1022/1646
f 1763/1017/1647 1765/1023/1647 1767/1024/1647
f 1765/1025/1648 1763/1017/1648 1766/1022/1648
f 1755/1005/1645 1763/1005/1645 1762/1005/1645
f 1767/1024/1649 1760/1015/1649 1763/1017/1649
f 1769/1005/1650 1767/1005/1650 1768/1005/1650
f 1770/1026/1651 1768/1027/1651 1767/1024/1651
f 1760/1015/1652 1767/1024/1652 1769/1028/1652
f 1765/1023/1653 1770/1026/1653 1767/1024/1653
f 1768/1005/1654 1770/1005/1654 1772/1005/1654
f 1771/1005/1655 1770/1005/1655 1765/1005/1655
f 1770/1005/1656 1771/1005/1656 1772/1005/1656
f 1773/1005/1657 1772/1005/1657 1775/1005/1657
f 1772/1029/1658 1773/1030/1658 1776/1031/1658
f 1772/1005/1659 1774/1005/1659 1768/1005/1659
f 1776/1031/1660 1774/1032/1660 1772/1029/1660
f 1775/1005/1661 1772/1005/1661 1771/1005/1661
f 1778/1033/1662 1777/1034/1662 1776/1031/1662
f 1776/1005/1663 1777/1005/1663 1779/1005/1663
f 1776/1005/1664 1769/1005/1664 1774/1005/1664
f 1780/1005/1665 1769/1005/1665 1776/1005/1665
f 1776/1031/1666 1773/1030/1666 1778/1033/1666
f 1779/1005/1667 1780/1005/1667 1776/1005/1667
f 1769/1028/1668 1780/1035/1668 1748/1036/1668
f 1748/1004/1669 1780/1035/1669 1781/1037/1669
f 1780/1035/1670 1779/1038/1670 1781/1037/1670
f 1779/1038/1671 1782/1039/1671 1781/1037/1671
f 1783/1005/1672 1781/1005/1672 1782/1005/1672
f 1750/1040/1673 1747/1041/1673 1781/1042/1673
f 1781/1037/1674 1747/1002/1674 1748/1004/1674
f 1781/1042/1675 1783/1043/1675 1784/1044/1675
f 1781/1042/1676 1784/1044/1676 1750/1040/1676
f 1784/1005/1677 1785/1005/1677 1787/1005/1677
f 1783/1043/1678 1785/1045/1678 1784/1044/1678
f 1786/1046/1679 1784/1047/1679 1788/1048/1679
f 1784/1044/1680 1786/1049/1680 1750/1040/1680
f 1784/1047/1681 1787/1050/1681 1766/1051/1681
f 1788/1048/1682 1784/1047/1682 1789/1052/1682
f 1766/1051/1683 1789/1052/1683 1784/1047/1683
f 1792/1005/1684 1789/1005/1684 1790/1005/1684
f 1789/1052/1685 1791/1053/1685 1790/1054/1685
f 1756/1005/1684 1788/1005/1684 1789/1005/1684
f 1789/1052/1686 1766/1051/1686 1791/1053/1686
f 1792/1005/1684 1756/1005/1684 1789/1005/1684
f 1756/1011/1641 1792/1055/1641 1755/1008/1641
f 1764/1005/1645 1755/1005/1645 1792/1005/1645
f 1792/1005/1645 1790/1005/1645 1764/1005/1645
f 1790/1005/1645 1791/1005/1645 1764/1005/1645
f 1764/1021/1646 1791/1056/1646 1766/1022/1646
f 1788/1048/1685 1793/1057/1685 1786/1046/1685
f 1756/1005/1684 1793/1005/1684 1788/1005/1684
f 1786/1005/1639 1793/1005/1639 1794/1005/1639
f 1756/1005/1684 1794/1005/1684 1793/1005/1684
f 1794/1005/1687 1751/1005/1687 1750/1005/1687
f 1756/1011/1641 1751/1010/1641 1794/1058/1641
f 1750/1005/1688 1786/1005/1688 1794/1005/1688
f 1787/1050/1689 1795/1059/1689 1797/1060/1689
f 1795/1005/1690 1787/1005/1690 1796/1005/1690
f 1787/1005/1691 1785/1005/1691 1796/1005/1691
f 1797/1060/1692 1766/1051/1692 1787/1050/1692
f 1795/1005/1693 1798/1005/1693 1797/1005/1693
f 1766/1005/1694 1797/1005/1694 1775/1005/1694
f 1797/1005/1695 1798/1005/1695 1775/1005/1695
f 1795/1005/1696 1799/1005/1696 1798/1005/1696
f 1796/1005/1697 1798/1005/1697 1799/1005/1697
f 1796/1005/1698 1773/1005/1698 1798/1005/1698
f 1773/1005/1699 1775/1005/1699 1798/1005/1699
f 1795/1005/1700 1796/1005/1700 1799/1005/1700
f 1785/1005/1701 1800/1005/1701 1796/1005/1701
f 1800/1005/1702 1773/1005/1702 1796/1005/1702
f 1785/1005/1703 1801/1005/1703 1800/1005/1703
f 1800/1005/1704 1801/1005/1704 1773/1005/1704
f 1802/1005/1705 1801/1005/1705 1782/1005/1705
f 1801/1005/1706 1802/1005/1706 1773/1005/1706
f 1785/1005/1707 1783/1005/1707 1801/1005/1707
f 1801/1005/1708 1783/1005/1708 1782/1005/1708
f 1773/1030/1709 1802/1061/1709 1778/1033/1709
f 1778/1005/1710 1802/1005/1710 1782/1005/1710
f 1782/1005/1711 1779/1005/1711 1777/1005/1711
f 1782/1005/1712 1777/1005/1712 1778/1005/1712
f 1775/1005/1713 1771/1005/1713 1803/1005/1713
f 1775/1005/1714 1803/1005/1714 1766/1005/1714
f 1766/1022/1715 1803/1062/1715 1765/1025/1715
f 1771/1005/1716 1765/1005/1716 1803/1005/1716
f 1769/1005/1717 1768/1005/1717 1774/1005/1717
f 1760/1015/1718 1769/1028/1718 1748/1036/1718
f 1748/1036/1643 1754/1012/1643 1760/1015/1643
o Rock.007
v 6.010750 0.170792 -0.331052 0.4510 0.4784 0.5176
v 5.952228 0.436068 -0.269018 0.4471 0.4667 0.4980
v 6.057003 0.117446 -0.367923 0.4510 0.4784 0.5176
v 5.923539 0.191290 -0.328658 0.4510 0.4784 0.5176
v 5.983145 0.502514 -0.285723 0.4471 0.4628 0.4863
v 6.169926 0.128357 -0.465699 0.4510 0.4784 0.5176
v 6.029070 0.102354 -0.385310 0.4510 0.4784 0.5176
v 5.999834 0.086557 -0.403508 0.4510 0.4784 0.5176
v 5.962678 0.058925 -0.451982 0.4510 0.4784 0.5176
v 5.845278 0.143888 -0.381660 0.4510 0.4784 0.5176
v 6.132042 0.083719 -0.570349 0.4510 0.4784 0.5176
v 6.168552 0.120854 -0.489233 0.4510 0.4784 0.5176
v 6.176062 0.128491 -0.472550 0.4510 0.4784 0.5176
v 6.155457 0.284024 -0.517735 0.4510 0.4784 0.5176
v 6.098201 0.147286 -0.633586 0.4510 0.4784 0.5176
v 6.174872 0.128514 -0.471056 0.4510 0.4784 0.5176
v 6.174587 0.128649 -0.470263 0.4510 0.4784 0.5176
v 6.174150 0.128916 -0.468850 0.4510 0.4784 0.5176
v 6.115119 0.067772 -0.603703 0.4510 0.4784 0.5176
v 5.992050 0.095868 -0.690020 0.4510 0.4784 0.5176
v 5.859303 0.488980 -0.587192 0.4471 0.4628 0.4863
v 5.751129 0.331099 -0.667465 0.4510 0.4784 0.5176
v 5.530081 0.643256 -0.550661 0.4510 0.4863 0.5059
v 5.718700 0.209989 -0.621218 0.4275 0.4628 0.4902
v 5.452543 0.549589 -0.469566 0.5176 0.5373 0.5764
v 5.754439 0.612000 -0.541265 0.4078 0.4432 0.4510
v 5.655671 0.636080 -0.539151 0.4353 0.4863 0.4432
v 5.559894 0.659424 -0.539751 0.4510 0.4863 0.5059
v 5.596097 0.650921 -0.402163 0.5530 0.6354 0.4628
v 5.596447 0.650839 -0.400835 0.5530 0.6354 0.4628
v 5.475038 0.611093 -0.397247 0.5530 0.6354 0.4628
v 5.526378 0.647851 -0.534668 0.4510 0.4863 0.5059
v 5.477219 0.618527 -0.443081 0.5530 0.6354 0.4628
v 5.477109 0.618154 -0.440784 0.5530 0.6354 0.4628
v 5.454742 0.569751 -0.422291 0.5530 0.6354 0.4667
v 5.460990 0.583596 -0.432721 0.5530 0.6354 0.4628
v 5.457706 0.577477 -0.446031 0.5412 0.6039 0.5059
v 5.436384 0.529071 -0.391650 0.5373 0.5921 0.5176
v 5.472340 0.601900 -0.340557 0.5530 0.6354 0.4628
v 5.494339 0.603582 -0.303607 0.5530 0.6354 0.4628
v 5.508029 0.499527 -0.266665 0.5412 0.6000 0.5098
v 5.537828 0.593555 -0.243210 0.5530 0.6354 0.4628
v 5.500201 0.464669 -0.275267 0.5019 0.5255 0.5647
v 5.524841 0.607502 -0.263193 0.5530 0.6354 0.4628
v 5.478999 0.443310 -0.308260 0.5019 0.5255 0.5647
v 5.574439 0.594937 -0.241815 0.5530 0.6354 0.4628
v 5.507063 0.462173 -0.275668 0.4980 0.5176 0.5569
v 5.496155 0.446649 -0.279714 0.4980 0.5176 0.5569
v 5.655319 0.319819 -0.305565 0.4510 0.4784 0.5176
v 5.773064 0.259420 -0.316658 0.4510 0.4784 0.5176
v 5.500436 0.344823 -0.456552 0.4510 0.4784 0.5176
v 5.730159 0.144947 -0.512605 0.4510 0.4784 0.5176
v 5.489594 0.391633 -0.389621 0.4550 0.4823 0.5216
v 5.494745 0.369396 -0.421416 0.4510 0.4784 0.5176
v 5.439357 0.481063 -0.422081 0.5176 0.5373 0.5764
v 5.428995 0.490931 -0.451834 0.5176 0.5373 0.5764
v 5.926212 0.011963 -0.566117 0.4510 0.4784 0.5176
v 5.953960 0.036759 -0.515961 0.4510 0.4784 0.5176
v 5.938592 0.011015 -0.584030 0.4510 0.4784 0.5176
v 6.009308 0.021312 -0.633637 0.4510 0.4784 0.5176
v 5.985307 0.013779 -0.630346 0.4510 0.4784 0.5176
v 5.988452 0.021172 -0.642140 0.4510 0.4784 0.5176
v 5.863019 0.205514 -0.326998 0.4510 0.4784 0.5176
v 5.749984 0.601565 -0.235128 0.4471 0.4628 0.4863
v 5.874291 0.482792 -0.260055 0.4471 0.4628 0.4863
v 5.787550 0.577518 -0.239814 0.4471 0.4628 0.4863
v 5.621642 0.644920 -0.305079 0.5530 0.6354 0.4628
v 5.765774 0.609928 -0.245010 0.4471 0.4628 0.4863
v 5.863672 0.585999 -0.273818 0.4471 0.4628 0.4863
v 5.983615 0.556517 -0.379012 0.4471 0.4628 0.4863
v 5.997094 0.553135 -0.420425 0.4510 0.4784 0.5176
v 6.007623 0.550493 -0.452776 0.4510 0.4784 0.5176
v 5.836103 0.592175 -0.506904 0.4471 0.4628 0.4863
v 5.994031 0.553791 -0.459263 0.4510 0.4784 0.5176
v 5.949678 0.564549 -0.482173 0.4510 0.4706 0.5059
v 5.535404 0.652408 -0.545846 0.4510 0.4863 0.5059
vn -0.0282 -0.2335 0.9719
vn 0.5764 -0.0634 0.8147
vn -0.1289 -0.6370 0.7600
vn 0.6517 0.0416 0.7573
vn 0.6368 -0.0521 0.7693
vn 0.3219 -0.9073 0.2705
vn -0.2032 -0.7755 0.5978
vn 0.9116 0.0014 -0.4110
vn 0.9014 0.0524 -0.4297
vn 0.8986 -0.0045 -0.4388
vn 0.3219 -0.9073 0.2706
vn 0.3221 -0.9072 0.2706
vn 0.9468 0.1948 0.2560
vn 0.3218 -0.9073 0.2704
vn 0.8202 0.2571 0.5110
vn 0.6028 -0.0809 0.7938
vn 0.8736 0.2389 0.4239
vn 0.5327 -0.1961 -0.8233
vn 0.8884 0.0166 -0.4587
vn 0.4822 0.4400 -0.7576
vn 0.2857 0.3771 -0.8810
vn 0.2481 0.2986 -0.9216
vn 0.1065 0.4137 -0.9041
vn -0.6209 -0.1519 -0.7691
vn -0.6134 -0.1330 -0.7785
vn -0.3352 -0.2564 -0.9066
vn 0.0799 0.4077 -0.9096
vn 0.2368 0.9716 -0.0023
vn -0.3044 0.9424 0.1384
vn -0.3044 0.9424 0.1383
vn -0.9036 0.4276 0.0263
vn -0.8471 0.4255 -0.3184
vn -0.9738 0.2219 -0.0494
vn -0.9334 0.3436 -0.1031
vn -0.8586 0.0674 0.5081
vn -0.7986 0.1053 0.5925
vn -0.5084 -0.7397 0.4410
vn -0.2240 -0.5805 0.7829
vn -0.5287 -0.7460 0.4050
vn -0.5328 -0.7316 0.4253
vn -0.8843 -0.4376 0.1628
vn -0.3483 -0.1404 -0.9268
vn -0.9416 -0.2199 0.2550
vn -0.6640 -0.6703 -0.3313
vn -0.4038 -0.8460 0.3481
vn -0.5886 -0.7194 -0.3687
vn -0.3525 -0.7467 0.5641
vn 0.2018 -0.8532 -0.4809
vn 0.3252 -0.5214 -0.7889
vn 0.4275 -0.4802 -0.7659
vn -0.5069 -0.6631 -0.5508
vn -0.3976 -0.4815 -0.7811
vn -0.6662 -0.2015 -0.7181
vn -0.2692 -0.5945 0.7577
vn -0.0529 0.8024 0.5944
vn -0.0529 0.8024 0.5945
vn 0.3443 0.3697 0.8630
vn 0.2011 0.1498 0.9680
vn 0.5473 0.7231 0.4214
vn 0.3875 0.1609 0.9077
vn 0.8714 0.4227 0.2491
vn 0.3083 0.6264 -0.7160
vn 0.4938 0.4465 -0.7462
vn 0.4699 0.4824 -0.7393
vn 0.4282 0.6129 -0.6641
vn 0.4883 0.4528 -0.7460
vn -0.7241 0.6001 -0.3401
vt 0.000000 0.000000
vt 0.500000 0.917560
vt 0.435994 1.000000
vt 0.500000 0.875000
vt 0.418884 0.032532
vt 0.410992 0.000000
vt 0.435994 0.000000
vt 0.410992 1.000000
vt 0.377685 0.879883
vt 0.473265 0.047650
vt 0.427160 0.066537
vt 0.500000 0.125000
vt 0.435403 0.125000
vt 0.375000 0.750000
vt 0.253494 0.750000
vt 0.258478 0.734002
vt 0.283826 0.656817
vt 0.375000 0.625000
vt 0.376054 0.873787
vt 0.375726 0.873083
vt 0.375000 0.871506
vt 0.376618 0.875000
vt 0.376617 0.875000
vt 0.295609 0.625000
vt 0.375000 0.500000
vt 0.500000 0.625000
vt 0.500000 0.500000
vt 0.625000 0.500000
vt 0.585910 0.578233
vt 0.625000 0.375000
vt 0.500000 0.375000
vt 0.552636 0.625000
vt 0.618852 0.527986
vt 0.766740 0.535732
vt 0.754652 0.533393
vt 0.750000 0.522576
vt 0.750000 0.500000
vt 0.727407 0.542099
vt 0.805034 0.543377
vt 0.850714 0.625000
vt 0.799461 0.625000
vt 0.790081 0.598233
vt 0.813760 0.665121
vt 0.826466 0.679547
vt 0.865698 0.611007
vt 0.875000 0.584822
vt 0.875000 0.604229
vt 0.866710 0.611999
vt 0.500000 0.250000
vt 0.571788 0.125000
vt 0.531473 0.095303
vt 0.625000 0.145771
vt 0.605912 0.210223
vt 0.588045 0.250000
vt 0.597561 0.228726
vt 0.625000 0.314340
vt 0.810660 0.500000
vt 0.829762 0.519339
vt 0.625000 0.165178
vt 0.413778 0.185654
vt 0.398444 0.250000
vt 0.226845 0.500000
vt 0.250000 0.500000
vt 0.250000 0.519115
vt 0.375000 0.375000
vt 0.375000 0.351845
vt 0.392553 0.274152
vt 0.500000 0.077878
vt 0.542186 0.875000
vt 0.571191 0.899523
vt 0.561686 0.908719
vt 0.574491 0.910090
vt 0.526118 0.921681
vt 0.500000 0.800556
vt 0.542186 0.875000
vt 0.482736 0.750000
vt 0.490924 0.773075
vt 0.535553 0.667907
vt 0.500000 0.715643
vt 0.487022 0.741758
vt 0.552636 0.625000
vt 0.637844 0.511592
vt 0.625000 0.508297
s 1
usemtl Props
f 1807/1063/1719 1804/1063/1719 1805/1063/1719
f 1805/1064/1720 1804/1065/1720 1808/1066/1720
f 1810/1067/1721 1806/1068/1721 1804/1069/1721
f 1804/1065/1722 1806/1070/1722 1809/1071/1722
f 1804/1069/1721 1807/1072/1721 1811/1073/1721
f 1804/1065/1723 1809/1071/1723 1808/1066/1723
f 1810/1067/1721 1804/1069/1721 1811/1073/1721
f 1811/1063/1724 1812/1063/1724 1814/1063/1724
f 1813/1074/1725 1812/1075/1725 1811/1073/1725
f 1815/1063/1724 1810/1063/1724 1811/1063/1724
f 1811/1073/1721 1807/1072/1721 1813/1074/1721
f 1814/1063/1724 1815/1063/1724 1811/1063/1724
f 1815/1063/1724 1816/1063/1724 1819/1063/1724
f 1817/1076/1726 1816/1077/1726 1815/1078/1726
f 1815/1078/1727 1814/1079/1727 1818/1080/1727
f 1810/1063/1724 1815/1063/1724 1809/1063/1724
f 1817/1076/1728 1815/1078/1728 1818/1080/1728
f 1815/1063/1724 1819/1063/1724 1809/1063/1724
f 1809/1063/1729 1819/1063/1729 1820/1063/1729
f 1820/1081/1730 1819/1082/1730 1816/1083/1730
f 1821/1084/1731 1820/1081/1731 1817/1076/1731
f 1821/1063/1732 1809/1063/1732 1820/1063/1732
f 1817/1076/1733 1820/1081/1733 1816/1083/1733
f 1808/1066/1734 1809/1071/1734 1821/1085/1734
f 1808/1066/1735 1821/1084/1735 1817/1076/1735
f 1818/1080/1736 1822/1086/1736 1823/1087/1736
f 1814/1079/1737 1822/1086/1737 1818/1080/1737
f 1817/1076/1738 1818/1080/1738 1824/1088/1738
f 1818/1080/1739 1823/1087/1739 1825/1089/1739
f 1818/1080/1740 1825/1089/1740 1824/1088/1740
f 1825/1089/1741 1826/1090/1741 1830/1091/1741
f 1825/1089/1742 1828/1092/1742 1826/1090/1742
f 1825/1089/1743 1827/1093/1743 1828/1092/1743
f 1823/1087/1744 1827/1093/1744 1825/1089/1744
f 1824/1088/1745 1825/1089/1745 1829/1094/1745
f 1829/1094/1745 1825/1089/1745 1830/1091/1745
f 1831/1063/1746 1832/1063/1746 1830/1063/1746
f 1831/1095/1741 1830/1091/1741 1826/1090/1741
f 1830/1063/1746 1832/1063/1746 1829/1063/1746
f 1832/1063/1747 1831/1063/1747 1835/1063/1747
f 1832/1063/1748 1834/1063/1748 1833/1063/1748
f 1832/1063/1746 1833/1063/1746 1829/1063/1746
f 1837/1063/1747 1834/1063/1747 1832/1063/1747
f 1835/1063/1747 1836/1063/1747 1832/1063/1747
f 1836/1063/1747 1837/1063/1747 1832/1063/1747
f 1834/1063/1749 1837/1063/1749 1838/1063/1749
f 1839/1063/1749 1838/1063/1749 1837/1063/1749
f 1839/1063/1749 1837/1063/1749 1836/1063/1749
f 1838/1096/1749 1839/1097/1749 1840/1098/1749
f 1836/1063/1749 1840/1063/1749 1839/1063/1749
f 1828/1099/1750 1840/1098/1750 1836/1100/1750
f 1828/1099/1751 1838/1096/1751 1840/1098/1751
f 1838/1063/1749 1841/1063/1749 1842/1063/1749
f 1841/1101/1752 1838/1096/1752 1828/1099/1752
f 1842/1063/1749 1834/1063/1749 1838/1063/1749
f 1842/1063/1747 1843/1063/1747 1833/1063/1747
f 1844/1102/1753 1843/1103/1753 1842/1104/1753
f 1841/1101/1753 1844/1102/1753 1842/1104/1753
f 1834/1063/1748 1842/1063/1748 1833/1063/1748
f 1849/1063/1719 1845/1063/1719 1844/1063/1719
f 1847/1105/1754 1844/1102/1754 1845/1106/1754
f 1847/1105/1754 1843/1103/1754 1844/1102/1754
f 1844/1063/1719 1846/1063/1719 1850/1063/1719
f 1846/1107/1753 1844/1102/1753 1848/1108/1753
f 1841/1101/1753 1848/1108/1753 1844/1102/1753
f 1844/1063/1719 1850/1063/1719 1849/1063/1719
f 1850/1063/1719 1851/1063/1719 1852/1063/1719
f 1851/1109/1719 1850/1110/1719 1846/1107/1719
f 1852/1063/1719 1849/1063/1719 1850/1063/1719
f 1855/1111/1755 1813/1074/1755 1852/1112/1755
f 1813/1074/1756 1853/1113/1756 1852/1112/1756
f 1852/1112/1757 1851/1114/1757 1856/1115/1757
f 1853/1063/1719 1849/1063/1719 1852/1063/1719
f 1854/1116/1758 1855/1111/1758 1852/1112/1758
f 1857/1117/1758 1854/1116/1758 1852/1112/1758
f 1857/1117/1758 1852/1112/1758 1856/1115/1758
f 1856/1063/1759 1858/1063/1759 1857/1063/1759
f 1859/1063/1759 1854/1063/1759 1857/1063/1759
f 1859/1063/1759 1857/1063/1759 1858/1063/1759
f 1854/1116/1760 1859/1118/1760 1828/1092/1760
f 1828/1099/1752 1859/1119/1752 1841/1101/1752
f 1859/1119/1761 1858/1120/1761 1841/1101/1761
f 1856/1063/1759 1848/1063/1759 1858/1063/1759
f 1858/1120/1761 1848/1108/1761 1841/1101/1761
f 1851/1114/1757 1848/1121/1757 1856/1115/1757
f 1827/1093/1762 1855/1111/1762 1854/1116/1762
f 1813/1074/1763 1855/1111/1763 1861/1122/1763
f 1860/1123/1764 1855/1111/1764 1827/1093/1764
f 1855/1111/1765 1860/1123/1765 1861/1122/1765
f 1812/1063/1724 1861/1063/1724 1814/1063/1724
f 1861/1122/1763 1812/1075/1763 1813/1074/1763
f 1861/1063/1724 1860/1063/1724 1862/1063/1724
f 1861/1063/1724 1862/1063/1724 1863/1063/1724
f 1822/1063/1724 1814/1063/1724 1861/1063/1724
f 1863/1063/1724 1822/1063/1724 1861/1063/1724
f 1864/1063/1724 1863/1063/1724 1862/1063/1724
f 1864/1124/1766 1865/1125/1766 1863/1126/1766
f 1863/1126/1767 1865/1125/1767 1823/1087/1767
f 1822/1086/1768 1863/1126/1768 1823/1087/1768
f 1865/1127/1769 1864/1128/1769 1862/1129/1769
f 1823/1087/1770 1865/1127/1770 1827/1093/1770
f 1827/1093/1769 1865/1127/1769 1862/1129/1769
f 1862/1129/1764 1860/1123/1764 1827/1093/1764
f 1854/1116/1771 1828/1092/1771 1827/1093/1771
f 1853/1063/1719 1866/1063/1719 1807/1063/1719
f 1813/1074/1772 1866/1130/1772 1853/1113/1772
f 1807/1063/1719 1849/1063/1719 1853/1063/1719
f 1807/1072/1721 1866/1130/1721 1813/1074/1721
f 1848/1108/1753 1851/1109/1753 1846/1107/1753
f 1849/1063/1719 1807/1063/1719 1868/1063/1719
f 1847/1063/1773 1845/1063/1773 1849/1063/1773
f 1849/1063/1773 1867/1063/1773 1870/1063/1773
f 1869/1063/1719 1867/1063/1719 1849/1063/1719
f 1868/1063/1719 1869/1063/1719 1849/1063/1719
f 1870/1063/1773 1847/1063/1773 1849/1063/1773
f 1867/1063/1774 1871/1063/1774 1870/1063/1774
f 1870/1063/1746 1871/1063/1746 1833/1063/1746
f 1833/1063/1747 1843/1063/1747 1870/1063/1747
f 1843/1063/1748 1847/1063/1748 1870/1063/1748
f 1871/1063/1746 1872/1063/1746 1833/1063/1746
f 1872/1131/1775 1871/1132/1775 1869/1133/1775
f 1871/1132/1775 1867/1134/1775 1869/1133/1775
f 1872/1131/1776 1868/1135/1776 1808/1066/1776
f 1808/1066/1777 1873/1136/1777 1872/1137/1777
f 1872/1063/1746 1873/1063/1746 1874/1063/1746
f 1869/1133/1778 1868/1135/1778 1872/1131/1778
f 1874/1063/1746 1833/1063/1746 1872/1063/1746
f 1874/1063/1746 1875/1063/1746 1877/1063/1746
f 1817/1076/1779 1875/1138/1779 1874/1139/1779
f 1873/1136/1779 1808/1066/1779 1874/1139/1779
f 1833/1063/1746 1874/1063/1746 1876/1063/1746
f 1874/1139/1779 1808/1066/1779 1817/1076/1779
f 1878/1063/1746 1876/1063/1746 1874/1063/1746
f 1877/1063/1746 1878/1063/1746 1874/1063/1746
f 1876/1140/1780 1878/1141/1780 1824/1088/1780
f 1878/1141/1781 1877/1142/1781 1824/1088/1781
f 1877/1142/1782 1875/1138/1782 1824/1088/1782
f 1876/1063/1746 1829/1063/1746 1833/1063/1746
f 1876/1140/1783 1824/1088/1783 1829/1143/1783
f 1875/1138/1784 1817/1076/1784 1824/1088/1784
f 1868/1063/1719 1807/1063/1719 1805/1063/1719
f 1868/1135/1776 1805/1064/1776 1808/1066/1776
f 1835/1144/1750 1828/1099/1750 1836/1100/1750
f 1831/1063/1748 1879/1063/1748 1835/1063/1748
f 1835/1144/1785 1879/1145/1785 1826/1090/1785
f 1826/1090/1750 1828/1099/1750 1835/1144/1750
f 1826/1090/1741 1879/1145/1741 1831/1095/1741
f 1809/1063/1724 1806/1063/1724 1810/1063/1724
o Rock.008
v 5.822118 0.069183 0.548884 0.5647 0.5686 0.5882
v 5.920485 0.065430 0.505130 0.5921 0.5921 0.6118
v 5.779232 0.116864 0.549202 0.4784 0.5216 0.4706
v 5.860577 0.041142 0.730676 0.5921 0.5921 0.6118
v 5.799384 0.194914 0.503328 0.4863 0.5294 0.4667
v 5.775566 0.136877 0.621583 0.4471 0.4902 0.4784
v 5.801944 0.220236 0.517254 0.4863 0.5294 0.4628
v 5.785281 0.130899 0.691146 0.4471 0.4823 0.5059
v 5.833962 0.167146 0.697595 0.4667 0.5137 0.4667
v 5.899544 0.278097 0.739536 0.4784 0.5333 0.4432
v 5.841140 0.103592 0.754194 0.3961 0.4314 0.4628
v 5.892097 0.299050 0.527969 0.5764 0.6236 0.4353
v 5.902874 0.222380 0.758451 0.4353 0.4784 0.4628
v 5.808463 0.093069 0.737475 0.4902 0.5137 0.5333
v 5.956922 0.219863 0.788416 0.4353 0.4745 0.4941
v 5.946278 0.113894 0.835959 0.3961 0.4314 0.4628
v 5.994800 0.053301 0.816077 0.5921 0.5921 0.6118
v 6.052913 0.133630 0.768508 0.4000 0.4353 0.4667
v 5.968855 0.023061 0.794772 0.5921 0.5921 0.6118
v 6.020885 0.016597 0.808325 0.5921 0.5921 0.6118
v 6.077212 0.017427 0.761806 0.5921 0.5921 0.6118
v 6.227509 0.022983 0.610058 0.4902 0.5137 0.5373
v 6.160088 0.128408 0.719512 0.4118 0.4510 0.4784
v 6.102266 0.060567 0.436517 0.5921 0.5921 0.6118
v 6.145871 0.056369 0.438591 0.5921 0.5921 0.6118
v 5.961479 0.188512 0.438695 0.5921 0.5921 0.6118
v 6.160995 0.190290 0.441658 0.4196 0.4628 0.4863
v 6.158060 0.084486 0.440286 0.4314 0.4706 0.4941
v 6.024101 0.229072 0.439831 0.5764 0.5804 0.6000
v 6.129097 0.258923 0.441092 0.4118 0.4510 0.4784
v 6.079304 0.352303 0.538307 0.4980 0.5804 0.3961
v 5.973150 0.349935 0.560077 0.4980 0.5647 0.4314
v 6.131745 0.308713 0.641580 0.5255 0.6157 0.3843
v 6.008339 0.266670 0.732401 0.4784 0.5451 0.4235
v 6.254856 0.089262 0.514617 0.4157 0.4589 0.4823
vn -0.0963 -0.9866 -0.1318
vn -0.3886 -0.3752 -0.8415
vn -0.7351 -0.6621 0.1458
vn -0.4234 -0.3753 -0.8245
vn -0.7847 -0.6158 0.0710
vn -0.9778 0.1838 -0.1004
vn -0.7234 0.6169 0.3100
vn -0.7767 -0.6275 0.0545
vn -0.6031 0.7831 0.1515
vn -0.4913 0.5379 0.6851
vn -0.8709 0.4850 0.0787
vn -0.7285 0.1808 0.6608
vn -0.7644 0.3785 0.5220
vn -0.5148 0.5370 0.6683
vn -0.6450 0.6944 0.3190
vn -0.7043 -0.6802 -0.2030
vn -0.3039 -0.4171 0.8565
vn -0.4588 0.2609 0.8494
vn -0.4288 0.4053 0.8074
vn -0.6053 0.2880 0.7421
vn 0.4622 0.3239 0.8255
vn -0.5247 -0.4382 0.7299
vn 0.5124 0.1318 0.8486
vn -0.1981 -0.4452 0.8732
vn -0.5083 -0.4572 0.7297
vn -0.0899 -0.9879 -0.1267
vn -0.2771 -0.3830 0.8812
vn -0.0898 -0.9879 -0.1264
vn 0.4169 0.0348 0.9083
vn 0.5702 0.0720 0.8183
vn -0.0781 -0.9875 -0.1370
vn -0.0894 -0.9875 -0.1301
vn -0.1035 -0.9849 -0.1386
vn 0.6910 -0.2588 0.6749
vn 0.6096 0.2763 0.7430
vn -0.0877 -0.9848 -0.1500
vn 0.0511 0.0380 -0.9980
vn 0.0041 0.0216 -0.9998
vn -0.3382 -0.3573 -0.8706
vn 0.0626 0.0112 -0.9980
vn 0.0218 0.0298 -0.9993
vn -0.1795 0.6619 -0.7278
vn 0.0127 -0.0023 -0.9999
vn -0.1319 0.6706 -0.7300
vn -0.2963 0.4806 -0.8254
vn -0.1651 0.6598 -0.7331
vn -0.5574 0.8240 0.1012
vn 0.1219 0.9032 0.4115
vn 0.0541 0.9295 0.3649
vn 0.0117 0.9013 0.4331
vn 0.4442 0.4134 0.7949
vn 0.5018 0.3791 0.7774
vn 0.1199 0.7049 0.6991
vn 0.4020 0.3628 0.8407
vn 0.7949 0.5864 -0.1561
vn 0.8879 0.2929 0.3547
vn 0.7893 0.5720 -0.2233
vn 0.9011 0.4179 -0.1157
vn 0.9055 0.1799 0.3844
vn 0.6093 -0.0066 -0.7930
vn 0.6015 -0.2144 -0.7695
vn 0.5046 -0.7701 -0.3902
vn -0.3080 0.4822 -0.8202
vn -0.3591 -0.3479 -0.8661
vn -0.3129 0.4701 -0.8253
vn -0.9757 0.1727 -0.1347
vt 0.000000 0.000000
vt 0.797582 0.612825
vt 0.742534 0.668272
vt 0.694863 0.653116
vt 0.703499 0.675539
vt 0.782612 0.560387
vt 0.666644 0.579845
vt 0.242973 0.176018
vt 0.756473 0.529243
vt 0.566944 0.309061
vt 0.605021 0.364159
vt 0.581136 0.420996
vt 0.499425 0.337054
vt 0.537790 0.306609
s 1
usemtl Props
f 1883/1146/1786 1880/1146/1786 1881/1146/1786
f 1881/1146/1787 1880/1146/1787 1884/1146/1787
f 1885/1146/1788 1882/1146/1788 1880/1146/1788
f 1880/1146/1789 1882/1146/1789 1884/1146/1789
f 1880/1146/1790 1883/1146/1790 1885/1146/1790
f 1882/1146/1791 1885/1146/1791 1886/1146/1791
f 1886/1147/1792 1885/1148/1792 1888/1149/1792
f 1887/1146/1793 1885/1146/1793 1883/1146/1793
f 1885/1148/1794 1887/1150/1794 1888/1149/1794
f 1888/1146/1795 1887/1146/1795 1893/1146/1795
f 1891/1151/1796 1888/1149/1796 1889/1152/1796
f 1888/1146/1797 1892/1146/1797 1889/1146/1797
f 1888/1146/1798 1890/1146/1798 1892/1146/1798
f 1888/1146/1799 1893/1146/1799 1890/1146/1799
f 1888/1149/1800 1891/1151/1800 1886/1147/1800
f 1883/1146/1801 1893/1146/1801 1887/1146/1801
f 1890/1146/1802 1893/1146/1802 1883/1146/1802
f 1889/1146/1803 1892/1146/1803 1894/1146/1803
f 1892/1146/1804 1895/1146/1804 1894/1146/1804
f 1892/1146/1805 1890/1146/1805 1895/1146/1805
f 1894/1146/1806 1895/1146/1806 1897/1146/1806
f 1895/1146/1807 1890/1146/1807 1883/1146/1807
f 1897/1146/1808 1895/1146/1808 1896/1146/1808
f 1896/1146/1809 1895/1146/1809 1898/1146/1809
f 1883/1146/1810 1898/1146/1810 1895/1146/1810
f 1883/1146/1811 1900/1146/1811 1898/1146/1811
f 1896/1146/1812 1898/1146/1812 1899/1146/1812
f 1900/1146/1813 1899/1146/1813 1898/1146/1813
f 1900/1146/1814 1902/1146/1814 1897/1146/1814
f 1896/1146/1815 1900/1146/1815 1897/1146/1815
f 1900/1146/1816 1881/1146/1816 1903/1146/1816
f 1881/1146/1817 1900/1146/1817 1883/1146/1817
f 1903/1146/1818 1901/1146/1818 1900/1146/1818
f 1901/1146/1819 1902/1153/1819 1900/1146/1819
f 1896/1146/1820 1899/1146/1820 1900/1146/1820
f 1903/1146/1821 1904/1146/1821 1901/1146/1821
f 1907/1146/1822 1904/1146/1822 1903/1146/1822
f 1903/1146/1823 1905/1146/1823 1908/1146/1823
f 1881/1146/1824 1905/1146/1824 1903/1146/1824
f 1906/1146/1825 1907/1146/1825 1903/1146/1825
f 1908/1146/1826 1906/1146/1826 1903/1146/1826
f 1909/1146/1827 1908/1146/1827 1910/1146/1827
f 1908/1146/1828 1909/1146/1828 1906/1146/1828
f 1908/1146/1829 1891/1146/1829 1911/1146/1829
f 1891/1146/1830 1908/1146/1830 1905/1146/1830
f 1910/1146/1831 1908/1146/1831 1911/1146/1831
f 1891/1151/1832 1889/1152/1832 1911/1154/1832
f 1911/1146/1833 1889/1146/1833 1913/1146/1833
f 1910/1146/1834 1911/1146/1834 1912/1146/1834
f 1912/1146/1835 1911/1146/1835 1913/1146/1835
f 1902/1146/1836 1912/1146/1836 1913/1146/1836
f 1894/1146/1837 1897/1146/1837 1913/1146/1837
f 1889/1146/1838 1894/1146/1838 1913/1146/1838
f 1902/1146/1839 1913/1146/1839 1897/1146/1839
f 1909/1155/1840 1910/1156/1840 1912/1157/1840
f 1914/1158/1841 1912/1157/1841 1902/1153/1841
f 1912/1157/1842 1914/1158/1842 1906/1159/1842
f 1906/1159/1843 1909/1155/1843 1912/1157/1843
f 1901/1146/1844 1914/1158/1844 1902/1153/1844
f 1907/1146/1845 1906/1146/1845 1914/1146/1845
f 1904/1146/1846 1907/1146/1846 1914/1146/1846
f 1904/1146/1847 1914/1146/1847 1901/1146/1847
f 1905/1146/1848 1884/1146/1848 1886/1146/1848
f 1905/1146/1849 1881/1146/1849 1884/1146/1849
f 1886/1146/1850 1891/1146/1850 1905/1146/1850
f 1882/1146/1851 1886/1146/1851 1884/1146/1851
o Rock.009
v 7.731900 0.111635 -0.866889 0.4706 0.4314 0.4000
v 7.920304 0.190817 -0.722885 0.4667 0.4392 0.4196
v 7.693523 0.130444 -0.890015 0.4706 0.4314 0.4000
v 7.962074 -0.031477 -0.989485 0.5137 0.5098 0.3921
v 7.878354 0.277448 -0.773060 0.4706 0.4314 0.4039
v 7.684882 0.192415 -0.896821 0.4706 0.4314 0.4000
v 7.756188 0.077738 -1.041920 0.4706 0.4314 0.4039
v 7.804071 0.037465 -1.157993 0.4706 0.4432 0.4196
v 7.745370 0.483428 -1.216907 0.4706 0.4314 0.4039
v 7.700416 0.454457 -1.074051 0.4706 0.4314 0.4000
v 7.901825 -0.013056 -1.121596 0.4667 0.4667 0.4510
v 8.110848 0.080837 -1.264164 0.5176 0.5098 0.3921
v 8.368956 0.126772 -1.173626 0.4628 0.4863 0.4784
v 7.850611 0.262949 -1.405070 0.4667 0.4432 0.4196
v 8.378890 0.095240 -1.043893 0.4745 0.5059 0.4784
v 8.383725 0.042514 -0.832856 0.5451 0.5647 0.5882
v 8.608889 0.114532 -0.815658 0.5451 0.6393 0.3098
v 8.612132 0.154709 -0.957798 0.5451 0.6432 0.2823
v 8.645541 0.384292 -0.981620 0.5333 0.6039 0.3725
v 8.529863 0.237265 -1.134098 0.5530 0.6197 0.4628
v 8.662668 0.428140 -0.809880 0.5255 0.5882 0.3451
v 8.639774 0.177437 -0.725766 0.5412 0.6354 0.3059
v 8.549777 0.202180 -0.674938 0.5333 0.6118 0.3372
v 8.191913 0.238109 -0.618255 0.5059 0.5373 0.4039
v 8.507195 0.479397 -0.640058 0.5333 0.6236 0.3098
v 8.410713 0.451515 -0.616604 0.5059 0.5490 0.3647
v 8.189159 0.561117 -0.721558 0.4980 0.5294 0.3843
v 8.439298 0.558623 -0.712232 0.5451 0.6432 0.2667
v 8.499474 0.545913 -0.806800 0.5019 0.5373 0.3882
v 8.359547 0.633642 -0.822495 0.5333 0.6276 0.3137
v 8.325261 0.671176 -1.000683 0.4706 0.5098 0.4628
v 8.519092 0.513048 -0.912509 0.5059 0.5412 0.4157
v 8.580436 0.476491 -1.054909 0.5137 0.5725 0.4196
v 8.544324 0.531560 -1.121129 0.5216 0.5725 0.4157
v 8.480457 0.465624 -1.203812 0.4706 0.4941 0.4628
v 7.973602 0.375420 -1.381604 0.4550 0.4314 0.4196
v 7.852698 0.528104 -1.231588 0.4706 0.4353 0.4078
v 7.811769 0.579791 -1.180804 0.4706 0.4353 0.4078
v 7.738672 0.497460 -1.204932 0.4706 0.4314 0.4039
v 7.794972 0.574378 -1.177468 0.4706 0.4353 0.4078
v 7.763981 0.539280 -1.075689 0.4706 0.4314 0.4039
v 7.754641 0.528702 -1.045014 0.4706 0.4314 0.4039
v 7.707797 0.475650 -0.891170 0.4706 0.4314 0.4039
v 7.711033 0.476026 -0.889274 0.4706 0.4314 0.4039
v 7.655399 0.403856 -0.920045 0.4706 0.4314 0.4039
vn -0.1494 -0.7708 0.6193
vn -0.6364 0.1320 0.7600
vn -0.4861 -0.8681 0.1007
vn -0.5074 0.0239 0.8614
vn -0.5385 -0.0012 0.8426
vn -0.9306 -0.1656 -0.3264
vn 0.2527 -0.9358 -0.2457
vn -0.1285 -0.7312 -0.6699
vn 0.3557 -0.1984 -0.9133
vn 0.2530 -0.9355 -0.2467
vn -0.1342 -0.7192 -0.6817
vn 0.2524 -0.9358 -0.2460
vn 0.3240 -0.9133 -0.2468
vn 0.2536 -0.9371 -0.2399
vn 0.3123 -0.9199 -0.2370
vn 0.3249 -0.9120 -0.2504
vn 0.9869 -0.1499 -0.0602
vn 0.8583 -0.1750 -0.4824
vn 0.5601 -0.6186 -0.5510
vn 0.9342 -0.3484 -0.0772
vn 0.9865 -0.1254 -0.1052
vn 0.5255 0.2271 0.8199
vn 0.0836 -0.8297 0.5519
vn 0.2081 -0.7886 0.5786
vn 0.0370 -0.7219 0.6910
vn 0.1398 -0.1510 0.9786
vn 0.2576 -0.0816 0.9628
vn 0.7417 0.0296 0.6701
vn -0.3362 0.2013 0.9200
vn -0.3721 0.3750 0.8491
vn -0.0210 0.6690 0.7430
vn -0.0120 0.6677 0.7443
vn 0.5919 0.7577 0.2748
vn 0.5029 0.8392 0.2072
vn -0.0130 0.8223 0.5689
vn -0.2527 0.9358 0.2457
vn 0.6188 0.7842 0.0461
vn 0.5372 0.8286 -0.1579
vn 0.6196 0.7435 -0.2516
vn 0.7451 0.6489 0.1544
vn 0.7363 0.6604 0.1477
vn 0.5774 0.8039 -0.1428
vn 0.5863 0.7976 0.1417
vn 0.1029 0.7374 -0.6676
vn 0.8285 -0.1155 -0.5479
vn 0.3560 -0.2016 -0.9125
vn 0.8299 0.0092 -0.5579
vn -0.3244 0.5197 -0.7904
vn 0.3566 -0.1995 -0.9127
vn -0.8000 0.5988 -0.0371
vn -0.2527 0.9358 0.2458
vn -0.2528 0.9358 0.2457
vn -0.5306 0.0482 0.8463
vn -0.3582 0.2281 0.9054
vn -0.5439 0.0163 0.8390
vn 0.7744 0.0452 -0.6311
vn 0.5648 0.7752 0.2831
vn -0.3884 0.3137 0.8664
vn -0.1026 -0.7791 0.6184
vn 0.3572 -0.1933 -0.9138
vn -0.0979 -0.7718 0.6282
vt 0.333333 0.673296
vt 0.368426 0.521605
vt 0.500000 0.602586
vt 0.000000 0.000000
vt 0.812040 0.099565
vt 0.715292 0.110477
vt 0.771025 0.432000
vt 0.588678 0.124758
vt 0.581921 0.170736
vt 0.667129 0.388519
vt 0.500000 0.602586
vt 0.556586 0.550847
vt 0.666667 0.638850
vt 0.666667 0.788110
vt 0.786008 0.500000
vt 0.603022 0.814564
vt 0.500000 0.857385
vt 0.343294 0.357461
vt 0.189468 0.331545
vt 0.358344 0.184920
vt 0.188569 0.095522
vt 0.266357 0.112535
vt 0.419982 0.963657
vt 0.333333 0.841921
vt 0.285350 0.634834
vt 0.248215 0.931430
vt 0.166667 0.816194
vt 0.333333 0.841921
vt 0.166667 0.816194
vt 0.084724 0.890257
vt -0.000000 0.845130
vt 1.000000 0.845130
vt 0.872339 0.921235
vt 0.833333 0.868849
vt 0.833333 0.575741
vt 0.709612 0.886473
vt 0.833333 0.868849
vt 0.957849 0.555153
vt 1.000000 0.548184
vt 0.062144 0.539106
vt -0.000000 0.548184
vt 0.004705 0.539875
vt 0.079456 0.538875
vt 0.166279 0.537712
vt 0.166667 0.539700
vt 0.166667 0.539700
vt 0.558866 0.327610
vt 0.759135 0.440283
vt 0.333333 0.673296
vt 0.957846 0.301852
s 1
usemtl Props
f 1916/1160/1852 1915/1161/1852 1918/1162/1852
f 1915/1163/1853 1916/1163/1853 1919/1163/1853
f 1915/1163/1854 1917/1163/1854 1921/1163/1854
f 1920/1163/1855 1917/1163/1855 1915/1163/1855
f 1915/1163/1854 1921/1163/1854 1918/1163/1854
f 1919/1163/1856 1920/1163/1856 1915/1163/1856
f 1921/1163/1854 1922/1163/1854 1925/1163/1854
f 1922/1164/1857 1921/1165/1857 1923/1166/1857
f 1921/1165/1857 1917/1167/1857 1920/1168/1857
f 1921/1163/1854 1925/1163/1854 1918/1163/1854
f 1921/1165/1857 1920/1168/1857 1924/1169/1857
f 1923/1166/1857 1921/1165/1857 1924/1169/1857
f 1918/1170/1858 1925/1171/1858 1926/1172/1858
f 1922/1163/1859 1926/1163/1859 1925/1163/1859
f 1927/1173/1860 1926/1172/1860 1928/1174/1860
f 1926/1172/1861 1927/1173/1861 1929/1175/1861
f 1922/1163/1862 1928/1163/1862 1926/1163/1862
f 1929/1175/1863 1918/1170/1863 1926/1172/1863
f 1929/1163/1864 1927/1163/1864 1932/1163/1864
f 1930/1176/1865 1918/1170/1865 1929/1175/1865
f 1930/1163/1866 1929/1163/1866 1931/1163/1866
f 1929/1163/1867 1932/1163/1867 1931/1163/1867
f 1933/1177/1868 1935/1178/1868 1932/1179/1868
f 1934/1163/1869 1933/1163/1869 1932/1163/1869
f 1932/1163/1870 1927/1163/1870 1934/1163/1870
f 1936/1180/1871 1931/1181/1871 1932/1179/1871
f 1935/1178/1872 1936/1180/1872 1932/1179/1872
f 1937/1163/1873 1936/1163/1873 1935/1163/1873
f 1937/1163/1874 1931/1163/1874 1936/1163/1874
f 1937/1163/1875 1930/1163/1875 1931/1163/1875
f 1930/1176/1876 1937/1182/1876 1938/1183/1876
f 1940/1163/1877 1938/1163/1877 1937/1163/1877
f 1940/1163/1878 1937/1163/1878 1939/1163/1878
f 1937/1163/1879 1935/1163/1879 1939/1163/1879
f 1919/1184/1880 1940/1185/1880 1941/1186/1880
f 1919/1184/1881 1938/1187/1881 1940/1185/1881
f 1940/1163/1882 1942/1163/1882 1941/1163/1882
f 1940/1163/1883 1939/1163/1883 1942/1163/1883
f 1939/1163/1884 1943/1163/1884 1942/1163/1884
f 1942/1163/1885 1943/1163/1885 1944/1163/1885
f 1941/1163/1886 1942/1163/1886 1944/1163/1886
f 1941/1188/1887 1944/1189/1887 1945/1190/1887
f 1945/1163/1888 1944/1163/1888 1946/1163/1888
f 1944/1163/1889 1943/1163/1889 1946/1163/1889
f 1935/1163/1890 1933/1163/1890 1946/1163/1890
f 1946/1163/1891 1933/1163/1891 1947/1163/1891
f 1946/1163/1892 1947/1163/1892 1948/1163/1892
f 1935/1163/1893 1946/1163/1893 1943/1163/1893
f 1946/1163/1894 1948/1163/1894 1945/1163/1894
f 1945/1191/1895 1948/1192/1895 1949/1193/1895
f 1947/1163/1896 1949/1163/1896 1948/1163/1896
f 1949/1193/1895 1950/1194/1895 1945/1191/1895
f 1934/1195/1897 1950/1194/1897 1949/1196/1897
f 1947/1163/1898 1934/1163/1898 1949/1163/1898
f 1923/1163/1899 1951/1163/1899 1950/1163/1899
f 1950/1194/1895 1951/1197/1895 1945/1191/1895
f 1934/1195/1900 1928/1174/1900 1950/1194/1900
f 1923/1163/1899 1950/1163/1899 1928/1163/1899
f 1954/1163/1899 1952/1163/1899 1951/1163/1899
f 1951/1197/1895 1952/1198/1895 1945/1191/1895
f 1951/1163/1899 1923/1163/1899 1953/1163/1899
f 1953/1163/1899 1954/1163/1899 1951/1163/1899
f 1953/1163/1901 1955/1163/1901 1954/1163/1901
f 1955/1199/1887 1952/1200/1887 1954/1201/1887
f 1955/1199/1902 1956/1202/1902 1941/1188/1902
f 1924/1163/1901 1956/1163/1901 1955/1163/1901
f 1955/1199/1887 1945/1190/1887 1952/1200/1887
f 1945/1190/1887 1955/1199/1887 1941/1188/1887
f 1953/1163/1901 1924/1163/1901 1955/1163/1901
f 1956/1202/1903 1957/1203/1903 1958/1204/1903
f 1924/1163/1901 1957/1163/1901 1956/1163/1901
f 1941/1188/1887 1956/1202/1887 1958/1204/1887
f 1919/1163/1904 1958/1163/1904 1959/1163/1904
f 1919/1184/1905 1941/1186/1905 1958/1205/1905
f 1958/1163/1855 1957/1163/1855 1959/1163/1855
f 1959/1163/1906 1920/1163/1906 1919/1163/1906
f 1920/1168/1857 1959/1206/1857 1924/1169/1857
f 1924/1163/1901 1959/1163/1901 1957/1163/1901
f 1924/1169/1857 1953/1207/1857 1923/1166/1857
f 1934/1163/1907 1947/1163/1907 1933/1163/1907
f 1939/1163/1908 1935/1163/1908 1943/1163/1908
f 1919/1184/1909 1916/1208/1909 1938/1187/1909
f 1938/1183/1910 1916/1160/1910 1930/1176/1910
f 1927/1173/1911 1928/1174/1911 1934/1195/1911
f 1918/1162/1912 1930/1176/1912 1916/1160/1912
f 1923/1166/1857 1928/1209/1857 1922/1164/1857
